province_id,province_name,city_id,city_name,county_id,county_name,town_id,town_name,community_id,community_name
430000000000,湖南省,430800000000,张家界市,430811000000,武陵源区,430811001000,军地坪街道,430811001007,迎宾路
430000000000,湖南省,430800000000,张家界市,430811000000,武陵源区,430811001000,军地坪街道,430811001008,喻家咀
430000000000,湖南省,430800000000,张家界市,430811000000,武陵源区,430811001000,军地坪街道,430811001009,文风路
430000000000,湖南省,430800000000,张家界市,430811000000,武陵源区,430811001000,军地坪街道,430811001010,白虎堂
430000000000,湖南省,430800000000,张家界市,430811000000,武陵源区,430811001000,军地坪街道,430811001011,黄龙路
430000000000,湖南省,430800000000,张家界市,430811000000,武陵源区,430811001000,军地坪街道,430811001202,黄河村
430000000000,湖南省,430800000000,张家界市,430811000000,武陵源区,430811001000,军地坪街道,430811001203,金杜村
430000000000,湖南省,430800000000,张家界市,430811000000,武陵源区,430811001000,军地坪街道,430811001206,双星村
430000000000,湖南省,430800000000,张家界市,430811000000,武陵源区,430811001000,军地坪街道,430811001208,田富村
430000000000,湖南省,430800000000,张家界市,430811000000,武陵源区,430811001000,军地坪街道,430811001209,双文村
430000000000,湖南省,430800000000,张家界市,430811000000,武陵源区,430811001000,军地坪街道,430811001501,索溪林场生活区
430000000000,湖南省,430800000000,张家界市,430811000000,武陵源区,430811002000,锣鼓塔街道,430811002001,锣鼓塔社区
430000000000,湖南省,430800000000,张家界市,430811000000,武陵源区,430811002000,锣鼓塔街道,430811002002,袁家界社区
430000000000,湖南省,430800000000,张家界市,430811000000,武陵源区,430811002000,锣鼓塔街道,430811002003,张家界社区
430000000000,湖南省,430800000000,张家界市,430811000000,武陵源区,430811002000,锣鼓塔街道,430811002501,张家界国营林场生活区
430000000000,湖南省,430800000000,张家界市,430811000000,武陵源区,430811201000,协合乡,430811201001,插旗峪
430000000000,湖南省,430800000000,张家界市,430811000000,武陵源区,430811201000,协合乡,430811201002,龙尾巴
430000000000,湖南省,430800000000,张家界市,430811000000,武陵源区,430811201000,协合乡,430811201201,李家岗村
430000000000,湖南省,430800000000,张家界市,430811000000,武陵源区,430811201000,协合乡,430811201202,杨家坪村
430000000000,湖南省,430800000000,张家界市,430811000000,武陵源区,430811201000,协合乡,430811201203,协合村
430000000000,湖南省,430800000000,张家界市,430811000000,武陵源区,430811201000,协合乡,430811201206,黄家坪村
430000000000,湖南省,430800000000,张家界市,430811000000,武陵源区,430811202000,中湖乡,430811202001,杨家界
430000000000,湖南省,430800000000,张家界市,430811000000,武陵源区,430811202000,中湖乡,430811202002,野鸡铺
430000000000,湖南省,430800000000,张家界市,430811000000,武陵源区,430811202000,中湖乡,430811202202,石家峪村
430000000000,湖南省,430800000000,张家界市,430811000000,武陵源区,430811202000,中湖乡,430811202203,檀木岗村
430000000000,湖南省,430800000000,张家界市,430811000000,武陵源区,430811202000,中湖乡,430811202205,三家峪村
430000000000,湖南省,430800000000,张家界市,430811000000,武陵源区,430811202000,中湖乡,430811202208,渔泉峪村
430000000000,湖南省,430800000000,张家界市,430811000000,武陵源区,430811202000,中湖乡,430811202209,青龙垭村
430000000000,湖南省,430800000000,张家界市,430811000000,武陵源区,430811202000,中湖乡,430811202210,定家庄村
430000000000,湖南省,430800000000,张家界市,430821000000,慈利县,430821100000,零阳镇,430821100001,南街
430000000000,湖南省,430800000000,张家界市,430821000000,慈利县,430821100000,零阳镇,430821100002,东街
430000000000,湖南省,430800000000,张家界市,430821000000,慈利县,430821100000,零阳镇,430821100003,北街
430000000000,湖南省,430800000000,张家界市,430821000000,慈利县,430821100000,零阳镇,430821100004,西街
430000000000,湖南省,430800000000,张家界市,430821000000,慈利县,430821100000,零阳镇,430821100005,紫霞
430000000000,湖南省,430800000000,张家界市,430821000000,慈利县,430821100000,零阳镇,430821100006,白沙井
430000000000,湖南省,430800000000,张家界市,430821000000,慈利县,430821100000,零阳镇,430821100007,朝王塔
430000000000,湖南省,430800000000,张家界市,430821000000,慈利县,430821100000,零阳镇,430821100008,鲤鱼桥
430000000000,湖南省,430800000000,张家界市,430821000000,慈利县,430821100000,零阳镇,430821100009,白云
430000000000,湖南省,430800000000,张家界市,430821000000,慈利县,430821100000,零阳镇,430821100010,铜台
430000000000,湖南省,430800000000,张家界市,430821000000,慈利县,430821100000,零阳镇,430821100011,金台
430000000000,湖南省,430800000000,张家界市,430821000000,慈利县,430821100000,零阳镇,430821100012,太坪
430000000000,湖南省,430800000000,张家界市,430821000000,慈利县,430821100000,零阳镇,430821100013,北岗
430000000000,湖南省,430800000000,张家界市,430821000000,慈利县,430821100000,零阳镇,430821100014,龙坪
430000000000,湖南省,430800000000,张家界市,430821000000,慈利县,430821100000,零阳镇,430821100015,白宫城
430000000000,湖南省,430800000000,张家界市,430821000000,慈利县,430821100000,零阳镇,430821100201,琵琶村
430000000000,湖南省,430800000000,张家界市,430821000000,慈利县,430821100000,零阳镇,430821100202,龙丰村
430000000000,湖南省,430800000000,张家界市,430821000000,慈利县,430821100000,零阳镇,430821100203,毕架村
430000000000,湖南省,430800000000,张家界市,430821000000,慈利县,430821100000,零阳镇,430821100204,零溪村
430000000000,湖南省,430800000000,张家界市,430821000000,慈利县,430821100000,零阳镇,430821100205,石板村
430000000000,湖南省,430800000000,张家界市,430821000000,慈利县,430821100000,零阳镇,430821100206,民和村
430000000000,湖南省,430800000000,张家界市,430821000000,慈利县,430821100000,零阳镇,430821100209,仁和村
430000000000,湖南省,430800000000,张家界市,430821000000,慈利县,430821100000,零阳镇,430821100210,云盘村
430000000000,湖南省,430800000000,张家界市,430821000000,慈利县,430821100000,零阳镇,430821100211,两溪村
430000000000,湖南省,430800000000,张家界市,430821000000,慈利县,430821100000,零阳镇,430821100212,七枞村
430000000000,湖南省,430800000000,张家界市,430821000000,慈利县,430821100000,零阳镇,430821100213,水汪村
430000000000,湖南省,430800000000,张家界市,430821000000,慈利县,430821100000,零阳镇,430821100214,青山村
430000000000,湖南省,430800000000,张家界市,430821000000,慈利县,430821100000,零阳镇,430821100215,白沙溪村
430000000000,湖南省,430800000000,张家界市,430821000000,慈利县,430821100000,零阳镇,430821100216,金花村
430000000000,湖南省,430800000000,张家界市,430821000000,慈利县,430821100000,零阳镇,430821100217,石马村
430000000000,湖南省,430800000000,张家界市,430821000000,慈利县,430821100000,零阳镇,430821100221,永安村
430000000000,湖南省,430800000000,张家界市,430821000000,慈利县,430821100000,零阳镇,430821100223,丰阳村
430000000000,湖南省,430800000000,张家界市,430821000000,慈利县,430821100000,零阳镇,430821100225,茶庵村
430000000000,湖南省,430800000000,张家界市,430821000000,慈利县,430821100000,零阳镇,430821100226,宝莲村
430000000000,湖南省,430800000000,张家界市,430821000000,慈利县,430821100000,零阳镇,430821100231,柳林村
430000000000,湖南省,430800000000,张家界市,430821000000,慈利县,430821100000,零阳镇,430821100233,铁桥村
430000000000,湖南省,430800000000,张家界市,430821000000,慈利县,430821100000,零阳镇,430821100234,团溪村
430000000000,湖南省,430800000000,张家界市,430821000000,慈利县,430821100000,零阳镇,430821100237,亮垭村
430000000000,湖南省,430800000000,张家界市,430821000000,慈利县,430821100000,零阳镇,430821100238,团坡村
430000000000,湖南省,430800000000,张家界市,430821000000,慈利县,430821100000,零阳镇,430821100240,七相坪村
430000000000,湖南省,430800000000,张家界市,430821000000,慈利县,430821100000,零阳镇,430821100241,南洋村
430000000000,湖南省,430800000000,张家界市,430821000000,慈利县,430821100000,零阳镇,430821100242,桑木溪村
430000000000,湖南省,430800000000,张家界市,430821000000,慈利县,430821100000,零阳镇,430821100245,长潭河村
430000000000,湖南省,430800000000,张家界市,430821000000,慈利县,430821100000,零阳镇,430821100257,枫垭村
430000000000,湖南省,430800000000,张家界市,430821000000,慈利县,430821100000,零阳镇,430821100258,凤凰村
430000000000,湖南省,430800000000,张家界市,430821000000,慈利县,430821100000,零阳镇,430821100259,饭甑山村
430000000000,湖南省,430800000000,张家界市,430821000000,慈利县,430821100000,零阳镇,430821100260,跑马岗村
430000000000,湖南省,430800000000,张家界市,430821000000,慈利县,430821100000,零阳镇,430821100261,星子山村
430000000000,湖南省,430800000000,张家界市,430821000000,慈利县,430821100000,零阳镇,430821100262,遗笔溪村
430000000000,湖南省,430800000000,张家界市,430821000000,慈利县,430821100000,零阳镇,430821100263,垭门关村
430000000000,湖南省,430800000000,张家界市,430821000000,慈利县,430821100000,零阳镇,430821100264,万福村
430000000000,湖南省,430800000000,张家界市,430821000000,慈利县,430821100000,零阳镇,430821100501,县园艺场生活区
430000000000,湖南省,430800000000,张家界市,430821000000,慈利县,430821101000,岩泊渡镇,430821101001,岩泊渡
430000000000,湖南省,430800000000,张家界市,430821000000,慈利县,430821101000,岩泊渡镇,430821101201,行溪村
430000000000,湖南省,430800000000,张家界市,430821000000,慈利县,430821101000,岩泊渡镇,430821101202,廖家村
430000000000,湖南省,430800000000,张家界市,430821000000,慈利县,430821101000,岩泊渡镇,430821101204,大安村
430000000000,湖南省,430800000000,张家界市,430821000000,慈利县,430821101000,岩泊渡镇,430821101205,鸭毛村
430000000000,湖南省,430800000000,张家界市,430821000000,慈利县,430821101000,岩泊渡镇,430821101206,双溪村
430000000000,湖南省,430800000000,张家界市,430821000000,慈利县,430821101000,岩泊渡镇,430821101209,田坪村
430000000000,湖南省,430800000000,张家界市,430821000000,慈利县,430821101000,岩泊渡镇,430821101210,贡市村
430000000000,湖南省,430800000000,张家界市,430821000000,慈利县,430821101000,岩泊渡镇,430821101212,失马村
430000000000,湖南省,430800000000,张家界市,430821000000,慈利县,430821101000,岩泊渡镇,430821101214,马公渡村
430000000000,湖南省,430800000000,张家界市,430821000000,慈利县,430821101000,岩泊渡镇,430821101215,和平村
430000000000,湖南省,430800000000,张家界市,430821000000,慈利县,430821101000,岩泊渡镇,430821101220,双合村
430000000000,湖南省,430800000000,张家界市,430821000000,慈利县,430821101000,岩泊渡镇,430821101221,龙潭村
430000000000,湖南省,430800000000,张家界市,430821000000,慈利县,430821101000,岩泊渡镇,430821101224,红土村
430000000000,湖南省,430800000000,张家界市,430821000000,慈利县,430821101000,岩泊渡镇,430821101225,星明村
430000000000,湖南省,430800000000,张家界市,430821000000,慈利县,430821101000,岩泊渡镇,430821101226,岩市村
430000000000,湖南省,430800000000,张家界市,430821000000,慈利县,430821101000,岩泊渡镇,430821101227,杨家桥村
430000000000,湖南省,430800000000,张家界市,430821000000,慈利县,430821101000,岩泊渡镇,430821101228,渔米渡村
430000000000,湖南省,430800000000,张家界市,430821000000,慈利县,430821101000,岩泊渡镇,430821101229,任氏桥村
430000000000,湖南省,430800000000,张家界市,430821000000,慈利县,430821102000,溪口镇,430821102001,新街
430000000000,湖南省,430800000000,张家界市,430821000000,慈利县,430821102000,溪口镇,430821102002,老街
430000000000,湖南省,430800000000,张家界市,430821000000,慈利县,430821102000,溪口镇,430821102204,杜坪村
430000000000,湖南省,430800000000,张家界市,430821000000,慈利县,430821102000,溪口镇,430821102211,里仁村
430000000000,湖南省,430800000000,张家界市,430821000000,慈利县,430821102000,溪口镇,430821102214,同盟村
430000000000,湖南省,430800000000,张家界市,430821000000,慈利县,430821102000,溪口镇,430821102219,渡坦村
430000000000,湖南省,430800000000,张家界市,430821000000,慈利县,430821102000,溪口镇,430821102220,天湖村
430000000000,湖南省,430800000000,张家界市,430821000000,慈利县,430821102000,溪口镇,430821102221,云岩村
430000000000,湖南省,430800000000,张家界市,430821000000,慈利县,430821102000,溪口镇,430821102222,渔家村
430000000000,湖南省,430800000000,张家界市,430821000000,慈利县,430821102000,溪口镇,430821102223,双福坪村
430000000000,湖南省,430800000000,张家界市,430821000000,慈利县,430821102000,溪口镇,430821102224,丁周村
430000000000,湖南省,430800000000,张家界市,430821000000,慈利县,430821102000,溪口镇,430821102225,樟树村
430000000000,湖南省,430800000000,张家界市,430821000000,慈利县,430821103000,东岳观镇,430821103001,东市
430000000000,湖南省,430800000000,张家界市,430821000000,慈利县,430821103000,东岳观镇,430821103203,江西村
430000000000,湖南省,430800000000,张家界市,430821000000,慈利县,430821103000,东岳观镇,430821103204,彩球村
430000000000,湖南省,430800000000,张家界市,430821000000,慈利县,430821103000,东岳观镇,430821103211,佛袈山村
430000000000,湖南省,430800000000,张家界市,430821000000,慈利县,430821103000,东岳观镇,430821103212,阳风坪村
430000000000,湖南省,430800000000,张家界市,430821000000,慈利县,430821103000,东岳观镇,430821103213,大岩村
430000000000,湖南省,430800000000,张家界市,430821000000,慈利县,430821103000,东岳观镇,430821103216,北坪村
430000000000,湖南省,430800000000,张家界市,430821000000,慈利县,430821103000,东岳观镇,430821103218,新花村
430000000000,湖南省,430800000000,张家界市,430821000000,慈利县,430821103000,东岳观镇,430821103219,广东村
430000000000,湖南省,430800000000,张家界市,430821000000,慈利县,430821103000,东岳观镇,430821103220,三桥村
430000000000,湖南省,430800000000,张家界市,430821000000,慈利县,430821103000,东岳观镇,430821103225,陡溪村
430000000000,湖南省,430800000000,张家界市,430821000000,慈利县,430821103000,东岳观镇,430821103226,道人山村
430000000000,湖南省,430800000000,张家界市,430821000000,慈利县,430821103000,东岳观镇,430821103227,南岳村
430000000000,湖南省,430800000000,张家界市,430821000000,慈利县,430821103000,东岳观镇,430821103228,凉桥村
430000000000,湖南省,430800000000,张家界市,430821000000,慈利县,430821103000,东岳观镇,430821103229,道林村
430000000000,湖南省,430800000000,张家界市,430821000000,慈利县,430821103000,东岳观镇,430821103230,东源村
430000000000,湖南省,430800000000,张家界市,430821000000,慈利县,430821104000,通津铺镇,430821104001,后溪峪
430000000000,湖南省,430800000000,张家界市,430821000000,慈利县,430821104000,通津铺镇,430821104002,市场河
430000000000,湖南省,430800000000,张家界市,430821000000,慈利县,430821104000,通津铺镇,430821104003,通津铺
430000000000,湖南省,430800000000,张家界市,430821000000,慈利县,430821104000,通津铺镇,430821104004,燕子
430000000000,湖南省,430800000000,张家界市,430821000000,慈利县,430821104000,通津铺镇,430821104202,长峪铺村
430000000000,湖南省,430800000000,张家界市,430821000000,慈利县,430821104000,通津铺镇,430821104207,二吾台村
430000000000,湖南省,430800000000,张家界市,430821000000,慈利县,430821104000,通津铺镇,430821104209,竹叶坪村
430000000000,湖南省,430800000000,张家界市,430821000000,慈利县,430821104000,通津铺镇,430821104213,千步村
430000000000,湖南省,430800000000,张家界市,430821000000,慈利县,430821104000,通津铺镇,430821104214,葵花台村
430000000000,湖南省,430800000000,张家界市,430821000000,慈利县,430821104000,通津铺镇,430821104215,陈坪村
430000000000,湖南省,430800000000,张家界市,430821000000,慈利县,430821104000,通津铺镇,430821104216,通津铺泗虎坪村
430000000000,湖南省,430800000000,张家界市,430821000000,慈利县,430821104000,通津铺镇,430821104217,通津铺赵家坪村
430000000000,湖南省,430800000000,张家界市,430821000000,慈利县,430821104000,通津铺镇,430821104218,氽湖村
430000000000,湖南省,430800000000,张家界市,430821000000,慈利县,430821104000,通津铺镇,430821104219,坪山村
430000000000,湖南省,430800000000,张家界市,430821000000,慈利县,430821104000,通津铺镇,430821104220,苗山村
430000000000,湖南省,430800000000,张家界市,430821000000,慈利县,430821104000,通津铺镇,430821104221,黄岗村
430000000000,湖南省,430800000000,张家界市,430821000000,慈利县,430821104000,通津铺镇,430821104224,星月村
430000000000,湖南省,430800000000,张家界市,430821000000,慈利县,430821105000,杉木桥镇,430821105001,西街
430000000000,湖南省,430800000000,张家界市,430821000000,慈利县,430821105000,杉木桥镇,430821105002,东街
430000000000,湖南省,430800000000,张家界市,430821000000,慈利县,430821105000,杉木桥镇,430821105201,湖塔村
430000000000,湖南省,430800000000,张家界市,430821000000,慈利县,430821105000,杉木桥镇,430821105202,枫垭村
430000000000,湖南省,430800000000,张家界市,430821000000,慈利县,430821105000,杉木桥镇,430821105208,中溶村
430000000000,湖南省,430800000000,张家界市,430821000000,慈利县,430821105000,杉木桥镇,430821105210,龙潭村
430000000000,湖南省,430800000000,张家界市,430821000000,慈利县,430821105000,杉木桥镇,430821105211,月亮村
430000000000,湖南省,430800000000,张家界市,430821000000,慈利县,430821105000,杉木桥镇,430821105212,清水村
430000000000,湖南省,430800000000,张家界市,430821000000,慈利县,430821105000,杉木桥镇,430821105213,沅峪村
430000000000,湖南省,430800000000,张家界市,430821000000,慈利县,430821105000,杉木桥镇,430821105214,杨家塔村
430000000000,湖南省,430800000000,张家界市,430821000000,慈利县,430821105000,杉木桥镇,430821105215,大市村
430000000000,湖南省,430800000000,张家界市,430821000000,慈利县,430821105000,杉木桥镇,430821105216,关坪村
430000000000,湖南省,430800000000,张家界市,430821000000,慈利县,430821105000,杉木桥镇,430821105217,沅坪村
430000000000,湖南省,430800000000,张家界市,430821000000,慈利县,430821105000,杉木桥镇,430821105218,赵家铺村
430000000000,湖南省,430800000000,张家界市,430821000000,慈利县,430821105000,杉木桥镇,430821105220,湖丘村
430000000000,湖南省,430800000000,张家界市,430821000000,慈利县,430821105000,杉木桥镇,430821105221,栗山村
430000000000,湖南省,430800000000,张家界市,430821000000,慈利县,430821105000,杉木桥镇,430821105223,尖角村
430000000000,湖南省,430800000000,张家界市,430821000000,慈利县,430821105000,杉木桥镇,430821105224,马塔村
430000000000,湖南省,430800000000,张家界市,430821000000,慈利县,430821105000,杉木桥镇,430821105227,战马村
430000000000,湖南省,430800000000,张家界市,430821000000,慈利县,430821106000,象市镇,430821106001,象市桥
430000000000,湖南省,430800000000,张家界市,430821000000,慈利县,430821106000,象市镇,430821106202,龙兴村
430000000000,湖南省,430800000000,张家界市,430821000000,慈利县,430821106000,象市镇,430821106203,双桥村
430000000000,湖南省,430800000000,张家界市,430821000000,慈利县,430821106000,象市镇,430821106204,高潮村
430000000000,湖南省,430800000000,张家界市,430821000000,慈利县,430821106000,象市镇,430821106205,大尖村
430000000000,湖南省,430800000000,张家界市,430821000000,慈利县,430821106000,象市镇,430821106206,李子村
430000000000,湖南省,430800000000,张家界市,430821000000,慈利县,430821106000,象市镇,430821106207,谢高村
430000000000,湖南省,430800000000,张家界市,430821000000,慈利县,430821106000,象市镇,430821106208,三桥村
430000000000,湖南省,430800000000,张家界市,430821000000,慈利县,430821106000,象市镇,430821106209,符坪村
430000000000,湖南省,430800000000,张家界市,430821000000,慈利县,430821106000,象市镇,430821106210,白马村
430000000000,湖南省,430800000000,张家界市,430821000000,慈利县,430821106000,象市镇,430821106212,坼岩村
430000000000,湖南省,430800000000,张家界市,430821000000,慈利县,430821106000,象市镇,430821106215,旭日塔村
430000000000,湖南省,430800000000,张家界市,430821000000,慈利县,430821106000,象市镇,430821106217,白洋村
430000000000,湖南省,430800000000,张家界市,430821000000,慈利县,430821106000,象市镇,430821106219,龙坦坪村
430000000000,湖南省,430800000000,张家界市,430821000000,慈利县,430821106000,象市镇,430821106222,放马村
430000000000,湖南省,430800000000,张家界市,430821000000,慈利县,430821106000,象市镇,430821106224,虎头村
430000000000,湖南省,430800000000,张家界市,430821000000,慈利县,430821107000,江垭镇,430821107001,东河街
430000000000,湖南省,430800000000,张家界市,430821000000,慈利县,430821107000,江垭镇,430821107002,临江
430000000000,湖南省,430800000000,张家界市,430821000000,慈利县,430821107000,江垭镇,430821107003,兴隆街
430000000000,湖南省,430800000000,张家界市,430821000000,慈利县,430821107000,江垭镇,430821107004,丁字街
430000000000,湖南省,430800000000,张家界市,430821000000,慈利县,430821107000,江垭镇,430821107005,农贸市场
430000000000,湖南省,430800000000,张家界市,430821000000,慈利县,430821107000,江垭镇,430821107202,毕家坪村
430000000000,湖南省,430800000000,张家界市,430821000000,慈利县,430821107000,江垭镇,430821107203,三双村
430000000000,湖南省,430800000000,张家界市,430821000000,慈利县,430821107000,江垭镇,430821107204,教场坪村
430000000000,湖南省,430800000000,张家界市,430821000000,慈利县,430821107000,江垭镇,430821107205,美世坪村
430000000000,湖南省,430800000000,张家界市,430821000000,慈利县,430821107000,江垭镇,430821107206,龙台村
430000000000,湖南省,430800000000,张家界市,430821000000,慈利县,430821107000,江垭镇,430821107207,莲坪村
430000000000,湖南省,430800000000,张家界市,430821000000,慈利县,430821107000,江垭镇,430821107208,白堰村
430000000000,湖南省,430800000000,张家界市,430821000000,慈利县,430821107000,江垭镇,430821107209,五四村
430000000000,湖南省,430800000000,张家界市,430821000000,慈利县,430821107000,江垭镇,430821107210,四坡村
430000000000,湖南省,430800000000,张家界市,430821000000,慈利县,430821107000,江垭镇,430821107211,李家峪村
430000000000,湖南省,430800000000,张家界市,430821000000,慈利县,430821107000,江垭镇,430821107212,五里堆村
430000000000,湖南省,430800000000,张家界市,430821000000,慈利县,430821107000,江垭镇,430821107215,官桥村
430000000000,湖南省,430800000000,张家界市,430821000000,慈利县,430821107000,江垭镇,430821107216,八斗坵村
430000000000,湖南省,430800000000,张家界市,430821000000,慈利县,430821107000,江垭镇,430821107217,卓家峪村
430000000000,湖南省,430800000000,张家界市,430821000000,慈利县,430821107000,江垭镇,430821107218,长峪村
430000000000,湖南省,430800000000,张家界市,430821000000,慈利县,430821107000,江垭镇,430821107220,江垭村
430000000000,湖南省,430800000000,张家界市,430821000000,慈利县,430821107000,江垭镇,430821107221,九溪村
430000000000,湖南省,430800000000,张家界市,430821000000,慈利县,430821107000,江垭镇,430821107223,合心村
430000000000,湖南省,430800000000,张家界市,430821000000,慈利县,430821107000,江垭镇,430821107229,白岩峪村
430000000000,湖南省,430800000000,张家界市,430821000000,慈利县,430821107000,江垭镇,430821107230,熊家庄村
430000000000,湖南省,430800000000,张家界市,430821000000,慈利县,430821107000,江垭镇,430821107231,黄金塔村
430000000000,湖南省,430800000000,张家界市,430821000000,慈利县,430821107000,江垭镇,430821107234,甘溪坪村
430000000000,湖南省,430800000000,张家界市,430821000000,慈利县,430821107000,江垭镇,430821107235,细木坪村
430000000000,湖南省,430800000000,张家界市,430821000000,慈利县,430821107000,江垭镇,430821107239,坼岩坪村
430000000000,湖南省,430800000000,张家界市,430821000000,慈利县,430821107000,江垭镇,430821107246,岩板田村
430000000000,湖南省,430800000000,张家界市,430821000000,慈利县,430821107000,江垭镇,430821107247,关岩村
430000000000,湖南省,430800000000,张家界市,430821000000,慈利县,430821107000,江垭镇,430821107248,双湖村
430000000000,湖南省,430800000000,张家界市,430821000000,慈利县,430821107000,江垭镇,430821107249,佛塌坪村
430000000000,湖南省,430800000000,张家界市,430821000000,慈利县,430821107000,江垭镇,430821107250,龙潭湾村
430000000000,湖南省,430800000000,张家界市,430821000000,慈利县,430821107000,江垭镇,430821107251,大坝村
430000000000,湖南省,430800000000,张家界市,430821000000,慈利县,430821107000,江垭镇,430821107501,江垭林场生活区
430000000000,湖南省,430800000000,张家界市,430821000000,慈利县,430821107000,江垭镇,430821107502,江垭水库生活区
430000000000,湖南省,430800000000,张家界市,430821000000,慈利县,430821108000,苗市镇,430821108001,苗市
430000000000,湖南省,430800000000,张家界市,430821000000,慈利县,430821108000,苗市镇,430821108201,黄花溪村
430000000000,湖南省,430800000000,张家界市,430821000000,慈利县,430821108000,苗市镇,430821108207,新星村
430000000000,湖南省,430800000000,张家界市,430821000000,慈利县,430821108000,苗市镇,430821108210,高桥村
430000000000,湖南省,430800000000,张家界市,430821000000,慈利县,430821108000,苗市镇,430821108212,栗树村
430000000000,湖南省,430800000000,张家界市,430821000000,慈利县,430821108000,苗市镇,430821108213,大兴村
430000000000,湖南省,430800000000,张家界市,430821000000,慈利县,430821108000,苗市镇,430821108217,东洋渡村
430000000000,湖南省,430800000000,张家界市,430821000000,慈利县,430821108000,苗市镇,430821108219,洞湾村
430000000000,湖南省,430800000000,张家界市,430821000000,慈利县,430821108000,苗市镇,430821108220,界溪村
430000000000,湖南省,430800000000,张家界市,430821000000,慈利县,430821108000,苗市镇,430821108221,东岳村
430000000000,湖南省,430800000000,张家界市,430821000000,慈利县,430821108000,苗市镇,430821108222,龙阳村
430000000000,湖南省,430800000000,张家界市,430821000000,慈利县,430821108000,苗市镇,430821108223,茶林河村
430000000000,湖南省,430800000000,张家界市,430821000000,慈利县,430821108000,苗市镇,430821108224,白龙村
430000000000,湖南省,430800000000,张家界市,430821000000,慈利县,430821108000,苗市镇,430821108225,新旺村
430000000000,湖南省,430800000000,张家界市,430821000000,慈利县,430821109000,零溪镇,430821109001,墨园
430000000000,湖南省,430800000000,张家界市,430821000000,慈利县,430821109000,零溪镇,430821109201,大庄村
430000000000,湖南省,430800000000,张家界市,430821000000,慈利县,430821109000,零溪镇,430821109202,燕子桥村
430000000000,湖南省,430800000000,张家界市,430821000000,慈利县,430821109000,零溪镇,430821109204,汪家桥村
430000000000,湖南省,430800000000,张家界市,430821000000,慈利县,430821109000,零溪镇,430821109205,拣花村
430000000000,湖南省,430800000000,张家界市,430821000000,慈利县,430821109000,零溪镇,430821109206,岩溪村
430000000000,湖南省,430800000000,张家界市,430821000000,慈利县,430821109000,零溪镇,430821109209,象鼻村
430000000000,湖南省,430800000000,张家界市,430821000000,慈利县,430821109000,零溪镇,430821109210,两岔溪村
430000000000,湖南省,430800000000,张家界市,430821000000,慈利县,430821109000,零溪镇,430821109212,金陵村
430000000000,湖南省,430800000000,张家界市,430821000000,慈利县,430821109000,零溪镇,430821109213,岩桥村
430000000000,湖南省,430800000000,张家界市,430821000000,慈利县,430821109000,零溪镇,430821109214,二斗岗村
430000000000,湖南省,430800000000,张家界市,430821000000,慈利县,430821109000,零溪镇,430821109215,黄莲村
430000000000,湖南省,430800000000,张家界市,430821000000,慈利县,430821109000,零溪镇,430821109216,百寿村
430000000000,湖南省,430800000000,张家界市,430821000000,慈利县,430821109000,零溪镇,430821109217,四坪村
430000000000,湖南省,430800000000,张家界市,430821000000,慈利县,430821109000,零溪镇,430821109218,合堰村
430000000000,湖南省,430800000000,张家界市,430821000000,慈利县,430821109000,零溪镇,430821109219,锣鼓村
430000000000,湖南省,430800000000,张家界市,430821000000,慈利县,430821109000,零溪镇,430821109220,金龙村
430000000000,湖南省,430800000000,张家界市,430821000000,慈利县,430821109000,零溪镇,430821109221,新红村
430000000000,湖南省,430800000000,张家界市,430821000000,慈利县,430821109000,零溪镇,430821109222,朝阳村
430000000000,湖南省,430800000000,张家界市,430821000000,慈利县,430821110000,高桥镇,430821110001,高桥
430000000000,湖南省,430800000000,张家界市,430821000000,慈利县,430821110000,高桥镇,430821110002,亭子桥
430000000000,湖南省,430800000000,张家界市,430821000000,慈利县,430821110000,高桥镇,430821110201,岩音村
430000000000,湖南省,430800000000,张家界市,430821000000,慈利县,430821110000,高桥镇,430821110205,花椒坪村
430000000000,湖南省,430800000000,张家界市,430821000000,慈利县,430821110000,高桥镇,430821110206,秋木山村
430000000000,湖南省,430800000000,张家界市,430821000000,慈利县,430821110000,高桥镇,430821110207,阳坪村
430000000000,湖南省,430800000000,张家界市,430821000000,慈利县,430821110000,高桥镇,430821110209,材树村
430000000000,湖南省,430800000000,张家界市,430821000000,慈利县,430821110000,高桥镇,430821110210,皂泥峪村
430000000000,湖南省,430800000000,张家界市,430821000000,慈利县,430821110000,高桥镇,430821110211,砂厂村
430000000000,湖南省,430800000000,张家界市,430821000000,慈利县,430821110000,高桥镇,430821110215,枧潭村
430000000000,湖南省,430800000000,张家界市,430821000000,慈利县,430821110000,高桥镇,430821110218,新山村
430000000000,湖南省,430800000000,张家界市,430821000000,慈利县,430821110000,高桥镇,430821110220,长堰村
430000000000,湖南省,430800000000,张家界市,430821000000,慈利县,430821110000,高桥镇,430821110221,先锋村
430000000000,湖南省,430800000000,张家界市,430821000000,慈利县,430821110000,高桥镇,430821110222,新合村
430000000000,湖南省,430800000000,张家界市,430821000000,慈利县,430821111000,龙潭河镇,430821111001,铁树潭
430000000000,湖南省,430800000000,张家界市,430821000000,慈利县,430821111000,龙潭河镇,430821111002,龙潭
430000000000,湖南省,430800000000,张家界市,430821000000,慈利县,430821111000,龙潭河镇,430821111201,楠木村
430000000000,湖南省,430800000000,张家界市,430821000000,慈利县,430821111000,龙潭河镇,430821111202,水坪村
430000000000,湖南省,430800000000,张家界市,430821000000,慈利县,430821111000,龙潭河镇,430821111203,新桥村
430000000000,湖南省,430800000000,张家界市,430821000000,慈利县,430821111000,龙潭河镇,430821111205,竹峪村
430000000000,湖南省,430800000000,张家界市,430821000000,慈利县,430821111000,龙潭河镇,430821111210,江星村
430000000000,湖南省,430800000000,张家界市,430821000000,慈利县,430821111000,龙潭河镇,430821111211,大湖村
430000000000,湖南省,430800000000,张家界市,430821000000,慈利县,430821111000,龙潭河镇,430821111212,潘坪村
430000000000,湖南省,430800000000,张家界市,430821000000,慈利县,430821111000,龙潭河镇,430821111213,文高村
430000000000,湖南省,430800000000,张家界市,430821000000,慈利县,430821111000,龙潭河镇,430821111214,郑台村
430000000000,湖南省,430800000000,张家界市,430821000000,慈利县,430821111000,龙潭河镇,430821111215,金坪村
430000000000,湖南省,430800000000,张家界市,430821000000,慈利县,430821111000,龙潭河镇,430821111216,龙溪村
430000000000,湖南省,430800000000,张家界市,430821000000,慈利县,430821111000,龙潭河镇,430821111217,丛木村
430000000000,湖南省,430800000000,张家界市,430821000000,慈利县,430821111000,龙潭河镇,430821111218,汤溪村
430000000000,湖南省,430800000000,张家界市,430821000000,慈利县,430821111000,龙潭河镇,430821111221,联富村
430000000000,湖南省,430800000000,张家界市,430821000000,慈利县,430821111000,龙潭河镇,430821111222,云朝村
430000000000,湖南省,430800000000,张家界市,430821000000,慈利县,430821111000,龙潭河镇,430821111224,金长村
430000000000,湖南省,430800000000,张家界市,430821000000,慈利县,430821111000,龙潭河镇,430821111225,华山村
430000000000,湖南省,430800000000,张家界市,430821000000,慈利县,430821111000,龙潭河镇,430821111227,渠溶村
430000000000,湖南省,430800000000,张家界市,430821000000,慈利县,430821111000,龙潭河镇,430821111228,伏龙村
430000000000,湖南省,430800000000,张家界市,430821000000,慈利县,430821112000,广福桥镇,430821112001,广福
430000000000,湖南省,430800000000,张家界市,430821000000,慈利县,430821112000,广福桥镇,430821112201,三王村
430000000000,湖南省,430800000000,张家界市,430821000000,慈利县,430821112000,广福桥镇,430821112202,辛银村
430000000000,湖南省,430800000000,张家界市,430821000000,慈利县,430821112000,广福桥镇,430821112203,双云村
430000000000,湖南省,430800000000,张家界市,430821000000,慈利县,430821112000,广福桥镇,430821112204,桃溪村
430000000000,湖南省,430800000000,张家界市,430821000000,慈利县,430821112000,广福桥镇,430821112206,三丝村
430000000000,湖南省,430800000000,张家界市,430821000000,慈利县,430821112000,广福桥镇,430821112207,老棚村
430000000000,湖南省,430800000000,张家界市,430821000000,慈利县,430821112000,广福桥镇,430821112208,官见村
430000000000,湖南省,430800000000,张家界市,430821000000,慈利县,430821112000,广福桥镇,430821112213,桃树村
430000000000,湖南省,430800000000,张家界市,430821000000,慈利县,430821112000,广福桥镇,430821112215,双狮村
430000000000,湖南省,430800000000,张家界市,430821000000,慈利县,430821113000,三合镇,430821113001,西庄
430000000000,湖南省,430800000000,张家界市,430821000000,慈利县,430821113000,三合镇,430821113002,国太桥
430000000000,湖南省,430800000000,张家界市,430821000000,慈利县,430821113000,三合镇,430821113202,庄塔村
430000000000,湖南省,430800000000,张家界市,430821000000,慈利县,430821113000,三合镇,430821113204,月亮岩村
430000000000,湖南省,430800000000,张家界市,430821000000,慈利县,430821113000,三合镇,430821113208,枫香坪村
430000000000,湖南省,430800000000,张家界市,430821000000,慈利县,430821113000,三合镇,430821113211,龙灯峪村
430000000000,湖南省,430800000000,张家界市,430821000000,慈利县,430821113000,三合镇,430821113213,三合口村
430000000000,湖南省,430800000000,张家界市,430821000000,慈利县,430821113000,三合镇,430821113214,望月坪村
430000000000,湖南省,430800000000,张家界市,430821000000,慈利县,430821113000,三合镇,430821113215,双龙村
430000000000,湖南省,430800000000,张家界市,430821000000,慈利县,430821113000,三合镇,430821113216,英塔村
430000000000,湖南省,430800000000,张家界市,430821000000,慈利县,430821113000,三合镇,430821113217,茶马村
430000000000,湖南省,430800000000,张家界市,430821000000,慈利县,430821113000,三合镇,430821113218,牧羊冲村
430000000000,湖南省,430800000000,张家界市,430821000000,慈利县,430821113000,三合镇,430821113219,关岩村
430000000000,湖南省,430800000000,张家界市,430821000000,慈利县,430821113000,三合镇,430821113220,邻矿村
430000000000,湖南省,430800000000,张家界市,430821000000,慈利县,430821113000,三合镇,430821113221,雷岩村
430000000000,湖南省,430800000000,张家界市,430821000000,慈利县,430821113000,三合镇,430821113222,凤鹤山村
430000000000,湖南省,430800000000,张家界市,430821000000,慈利县,430821113000,三合镇,430821113223,平溪村
430000000000,湖南省,430800000000,张家界市,430821000000,慈利县,430821114000,二坊坪镇,430821114201,二坊坪村
430000000000,湖南省,430800000000,张家界市,430821000000,慈利县,430821114000,二坊坪镇,430821114203,新建村
430000000000,湖南省,430800000000,张家界市,430821000000,慈利县,430821114000,二坊坪镇,430821114204,青叶村
430000000000,湖南省,430800000000,张家界市,430821000000,慈利县,430821114000,二坊坪镇,430821114208,占甲桥村
430000000000,湖南省,430800000000,张家界市,430821000000,慈利县,430821114000,二坊坪镇,430821114209,盛德村
430000000000,湖南省,430800000000,张家界市,430821000000,慈利县,430821114000,二坊坪镇,430821114210,高溪村
430000000000,湖南省,430800000000,张家界市,430821000000,慈利县,430821114000,二坊坪镇,430821114212,景龙桥村
430000000000,湖南省,430800000000,张家界市,430821000000,慈利县,430821114000,二坊坪镇,430821114213,景泉村
430000000000,湖南省,430800000000,张家界市,430821000000,慈利县,430821114000,二坊坪镇,430821114214,二溪村
430000000000,湖南省,430800000000,张家界市,430821000000,慈利县,430821114000,二坊坪镇,430821114215,联合村
430000000000,湖南省,430800000000,张家界市,430821000000,慈利县,430821114000,二坊坪镇,430821114216,杨家垭村
430000000000,湖南省,430800000000,张家界市,430821000000,慈利县,430821114000,二坊坪镇,430821114217,清泉村
430000000000,湖南省,430800000000,张家界市,430821000000,慈利县,430821114000,二坊坪镇,430821114218,太坪村
430000000000,湖南省,430800000000,张家界市,430821000000,慈利县,430821114000,二坊坪镇,430821114219,大清村
430000000000,湖南省,430800000000,张家界市,430821000000,慈利县,430821200000,南山坪乡,430821200201,南山村
430000000000,湖南省,430800000000,张家界市,430821000000,慈利县,430821200000,南山坪乡,430821200203,梁山村
430000000000,湖南省,430800000000,张家界市,430821000000,慈利县,430821200000,南山坪乡,430821200204,沙湾村
430000000000,湖南省,430800000000,张家界市,430821000000,慈利县,430821200000,南山坪乡,430821200205,双湖村
430000000000,湖南省,430800000000,张家界市,430821000000,慈利县,430821200000,南山坪乡,430821200206,盐井村
430000000000,湖南省,430800000000,张家界市,430821000000,慈利县,430821200000,南山坪乡,430821200207,盐市村
430000000000,湖南省,430800000000,张家界市,430821000000,慈利县,430821200000,南山坪乡,430821200208,白马村
430000000000,湖南省,430800000000,张家界市,430821000000,慈利县,430821200000,南山坪乡,430821200212,白果村
430000000000,湖南省,430800000000,张家界市,430821000000,慈利县,430821200000,南山坪乡,430821200213,犀牛村
430000000000,湖南省,430800000000,张家界市,430821000000,慈利县,430821200000,南山坪乡,430821200218,桃花村
430000000000,湖南省,430800000000,张家界市,430821000000,慈利县,430821200000,南山坪乡,430821200219,双和村
430000000000,湖南省,430800000000,张家界市,430821000000,慈利县,430821202000,洞溪乡,430821202201,洞溪村
430000000000,湖南省,430800000000,张家界市,430821000000,慈利县,430821202000,洞溪乡,430821202205,大浒村
430000000000,湖南省,430800000000,张家界市,430821000000,慈利县,430821202000,洞溪乡,430821202206,乐庄村
430000000000,湖南省,430800000000,张家界市,430821000000,慈利县,430821202000,洞溪乡,430821202208,大田村
430000000000,湖南省,430800000000,张家界市,430821000000,慈利县,430821202000,洞溪乡,430821202211,郝溪村
430000000000,湖南省,430800000000,张家界市,430821000000,慈利县,430821202000,洞溪乡,430821202214,双福村
430000000000,湖南省,430800000000,张家界市,430821000000,慈利县,430821202000,洞溪乡,430821202215,烟子溪村
430000000000,湖南省,430800000000,张家界市,430821000000,慈利县,430821202000,洞溪乡,430821202216,幸福村
430000000000,湖南省,430800000000,张家界市,430821000000,慈利县,430821209000,杨柳铺乡,430821209001,杨柳铺
430000000000,湖南省,430800000000,张家界市,430821000000,慈利县,430821209000,杨柳铺乡,430821209002,杨溪
430000000000,湖南省,430800000000,张家界市,430821000000,慈利县,430821209000,杨柳铺乡,430821209201,岔溪村
430000000000,湖南省,430800000000,张家界市,430821000000,慈利县,430821209000,杨柳铺乡,430821209202,四桥村
430000000000,湖南省,430800000000,张家界市,430821000000,慈利县,430821209000,杨柳铺乡,430821209203,新铺村
430000000000,湖南省,430800000000,张家界市,430821000000,慈利县,430821209000,杨柳铺乡,430821209204,复兴村
430000000000,湖南省,430800000000,张家界市,430821000000,慈利县,430821209000,杨柳铺乡,430821209207,腊树村
430000000000,湖南省,430800000000,张家界市,430821000000,慈利县,430821209000,杨柳铺乡,430821209209,康庄村
430000000000,湖南省,430800000000,张家界市,430821000000,慈利县,430821209000,杨柳铺乡,430821209211,龙跃村
430000000000,湖南省,430800000000,张家界市,430821000000,慈利县,430821209000,杨柳铺乡,430821209213,荷叶村
430000000000,湖南省,430800000000,张家界市,430821000000,慈利县,430821209000,杨柳铺乡,430821209214,宝景村
430000000000,湖南省,430800000000,张家界市,430821000000,慈利县,430821209000,杨柳铺乡,430821209215,向峪村
430000000000,湖南省,430800000000,张家界市,430821000000,慈利县,430821209000,杨柳铺乡,430821209217,荷峪村
430000000000,湖南省,430800000000,张家界市,430821000000,慈利县,430821209000,杨柳铺乡,430821209220,华岳村
430000000000,湖南省,430800000000,张家界市,430821000000,慈利县,430821209000,杨柳铺乡,430821209221,坪峰村
430000000000,湖南省,430800000000,张家界市,430821000000,慈利县,430821209000,杨柳铺乡,430821209223,俭庄村
430000000000,湖南省,430800000000,张家界市,430821000000,慈利县,430821209000,杨柳铺乡,430821209224,申中村
430000000000,湖南省,430800000000,张家界市,430821000000,慈利县,430821211000,三官寺土家族乡,430821211201,三官寺村
430000000000,湖南省,430800000000,张家界市,430821000000,慈利县,430821211000,三官寺土家族乡,430821211202,苗岭村
430000000000,湖南省,430800000000,张家界市,430821000000,慈利县,430821211000,三官寺土家族乡,430821211203,云山村
430000000000,湖南省,430800000000,张家界市,430821000000,慈利县,430821211000,三官寺土家族乡,430821211206,丰坪村
430000000000,湖南省,430800000000,张家界市,430821000000,慈利县,430821211000,三官寺土家族乡,430821211210,大泉村
430000000000,湖南省,430800000000,张家界市,430821000000,慈利县,430821211000,三官寺土家族乡,430821211214,双高村
430000000000,湖南省,430800000000,张家界市,430821000000,慈利县,430821211000,三官寺土家族乡,430821211216,袁家坪村
430000000000,湖南省,430800000000,张家界市,430821000000,慈利县,430821211000,三官寺土家族乡,430821211218,罗潭村
430000000000,湖南省,430800000000,张家界市,430821000000,慈利县,430821211000,三官寺土家族乡,430821211219,双桥村
430000000000,湖南省,430800000000,张家界市,430821000000,慈利县,430821211000,三官寺土家族乡,430821211220,袁家庄村
430000000000,湖南省,430800000000,张家界市,430821000000,慈利县,430821211000,三官寺土家族乡,430821211224,长岭村
430000000000,湖南省,430800000000,张家界市,430821000000,慈利县,430821211000,三官寺土家族乡,430821211225,胡家坪村
430000000000,湖南省,430800000000,张家界市,430821000000,慈利县,430821211000,三官寺土家族乡,430821211226,界河村
430000000000,湖南省,430800000000,张家界市,430821000000,慈利县,430821211000,三官寺土家族乡,430821211227,龙岗村
430000000000,湖南省,430800000000,张家界市,430821000000,慈利县,430821211000,三官寺土家族乡,430821211228,太华山村
430000000000,湖南省,430800000000,张家界市,430821000000,慈利县,430821211000,三官寺土家族乡,430821211229,大峡谷村
430000000000,湖南省,430800000000,张家界市,430821000000,慈利县,430821211000,三官寺土家族乡,430821211230,新民村
430000000000,湖南省,430800000000,张家界市,430821000000,慈利县,430821212000,高峰土家族乡,430821212205,三溪村
430000000000,湖南省,430800000000,张家界市,430821000000,慈利县,430821212000,高峰土家族乡,430821212207,双星村
430000000000,湖南省,430800000000,张家界市,430821000000,慈利县,430821212000,高峰土家族乡,430821212211,富垭村
430000000000,湖南省,430800000000,张家界市,430821000000,慈利县,430821212000,高峰土家族乡,430821212212,中坪村
430000000000,湖南省,430800000000,张家界市,430821000000,慈利县,430821212000,高峰土家族乡,430821212213,茅庵村
430000000000,湖南省,430800000000,张家界市,430821000000,慈利县,430821212000,高峰土家族乡,430821212215,双垭村
430000000000,湖南省,430800000000,张家界市,430821000000,慈利县,430821212000,高峰土家族乡,430821212219,南井村
430000000000,湖南省,430800000000,张家界市,430821000000,慈利县,430821212000,高峰土家族乡,430821212222,双合村
430000000000,湖南省,430800000000,张家界市,430821000000,慈利县,430821212000,高峰土家族乡,430821212226,干洞河村
430000000000,湖南省,430800000000,张家界市,430821000000,慈利县,430821212000,高峰土家族乡,430821212227,溇江村
430000000000,湖南省,430800000000,张家界市,430821000000,慈利县,430821212000,高峰土家族乡,430821212228,景阳村
430000000000,湖南省,430800000000,张家界市,430821000000,慈利县,430821212000,高峰土家族乡,430821212229,高峰村
430000000000,湖南省,430800000000,张家界市,430821000000,慈利县,430821212000,高峰土家族乡,430821212230,华山村
430000000000,湖南省,430800000000,张家界市,430821000000,慈利县,430821212000,高峰土家族乡,430821212231,龙泉村
430000000000,湖南省,430800000000,张家界市,430821000000,慈利县,430821212000,高峰土家族乡,430821212232,雪莲村
430000000000,湖南省,430800000000,张家界市,430821000000,慈利县,430821212000,高峰土家族乡,430821212233,康乐村
430000000000,湖南省,430800000000,张家界市,430821000000,慈利县,430821213000,许家坊土家族乡,430821213205,南庄村
430000000000,湖南省,430800000000,张家界市,430821000000,慈利县,430821213000,许家坊土家族乡,430821213209,咸水村
430000000000,湖南省,430800000000,张家界市,430821000000,慈利县,430821213000,许家坊土家族乡,430821213211,堆金村
430000000000,湖南省,430800000000,张家界市,430821000000,慈利县,430821213000,许家坊土家族乡,430821213212,大塘村
430000000000,湖南省,430800000000,张家界市,430821000000,慈利县,430821213000,许家坊土家族乡,430821213215,浮石村
430000000000,湖南省,430800000000,张家界市,430821000000,慈利县,430821213000,许家坊土家族乡,430821213217,红岩村
430000000000,湖南省,430800000000,张家界市,430821000000,慈利县,430821213000,许家坊土家族乡,430821213218,新界村
430000000000,湖南省,430800000000,张家界市,430821000000,慈利县,430821213000,许家坊土家族乡,430821213219,金仙山村
430000000000,湖南省,430800000000,张家界市,430821000000,慈利县,430821213000,许家坊土家族乡,430821213220,明珠村
430000000000,湖南省,430800000000,张家界市,430821000000,慈利县,430821213000,许家坊土家族乡,430821213221,许家坊村
430000000000,湖南省,430800000000,张家界市,430821000000,慈利县,430821214000,金岩土家族乡,430821214201,三元村
430000000000,湖南省,430800000000,张家界市,430821000000,慈利县,430821214000,金岩土家族乡,430821214203,红联村
430000000000,湖南省,430800000000,张家界市,430821000000,慈利县,430821214000,金岩土家族乡,430821214206,中坪村
430000000000,湖南省,430800000000,张家界市,430821000000,慈利县,430821214000,金岩土家族乡,430821214212,落丰村
430000000000,湖南省,430800000000,张家界市,430821000000,慈利县,430821214000,金岩土家族乡,430821214213,金鸡村
430000000000,湖南省,430800000000,张家界市,430821000000,慈利县,430821214000,金岩土家族乡,430821214216,南坪村
430000000000,湖南省,430800000000,张家界市,430821000000,慈利县,430821214000,金岩土家族乡,430821214217,双中村
430000000000,湖南省,430800000000,张家界市,430821000000,慈利县,430821214000,金岩土家族乡,430821214219,敏家村
430000000000,湖南省,430800000000,张家界市,430821000000,慈利县,430821214000,金岩土家族乡,430821214220,乐圆新村
430000000000,湖南省,430800000000,张家界市,430821000000,慈利县,430821214000,金岩土家族乡,430821214221,荆竹山村
430000000000,湖南省,430800000000,张家界市,430821000000,慈利县,430821214000,金岩土家族乡,430821214222,太平山村
430000000000,湖南省,430800000000,张家界市,430821000000,慈利县,430821214000,金岩土家族乡,430821214223,九渡溪村
430000000000,湖南省,430800000000,张家界市,430821000000,慈利县,430821215000,赵家岗土家族乡,430821215201,双河村
430000000000,湖南省,430800000000,张家界市,430821000000,慈利县,430821215000,赵家岗土家族乡,430821215203,长安村
430000000000,湖南省,430800000000,张家界市,430821000000,慈利县,430821215000,赵家岗土家族乡,430821215210,麻山村
430000000000,湖南省,430800000000,张家界市,430821000000,慈利县,430821215000,赵家岗土家族乡,430821215212,金坪村
430000000000,湖南省,430800000000,张家界市,430821000000,慈利县,430821215000,赵家岗土家族乡,430821215215,新安村
430000000000,湖南省,430800000000,张家界市,430821000000,慈利县,430821215000,赵家岗土家族乡,430821215219,新峪村
430000000000,湖南省,430800000000,张家界市,430821000000,慈利县,430821215000,赵家岗土家族乡,430821215220,双岸村
430000000000,湖南省,430800000000,张家界市,430821000000,慈利县,430821215000,赵家岗土家族乡,430821215221,双新村
430000000000,湖南省,430800000000,张家界市,430821000000,慈利县,430821215000,赵家岗土家族乡,430821215222,新建村
430000000000,湖南省,430800000000,张家界市,430821000000,慈利县,430821215000,赵家岗土家族乡,430821215223,银寨村
430000000000,湖南省,430800000000,张家界市,430821000000,慈利县,430821215000,赵家岗土家族乡,430821215224,天台村
430000000000,湖南省,430800000000,张家界市,430821000000,慈利县,430821215000,赵家岗土家族乡,430821215225,三合村
430000000000,湖南省,430800000000,张家界市,430821000000,慈利县,430821216000,甘堰土家族乡,430821216201,甘堰村
430000000000,湖南省,430800000000,张家界市,430821000000,慈利县,430821216000,甘堰土家族乡,430821216203,金贵村
430000000000,湖南省,430800000000,张家界市,430821000000,慈利县,430821216000,甘堰土家族乡,430821216204,东峪村
430000000000,湖南省,430800000000,张家界市,430821000000,慈利县,430821216000,甘堰土家族乡,430821216207,西峪村
430000000000,湖南省,430800000000,张家界市,430821000000,慈利县,430821216000,甘堰土家族乡,430821216208,水沐峪村
430000000000,湖南省,430800000000,张家界市,430821000000,慈利县,430821216000,甘堰土家族乡,430821216210,西铺村
430000000000,湖南省,430800000000,张家界市,430821000000,慈利县,430821216000,甘堰土家族乡,430821216211,张家台村
430000000000,湖南省,430800000000,张家界市,430821000000,慈利县,430821216000,甘堰土家族乡,430821216212,上马墩村
430000000000,湖南省,430800000000,张家界市,430821000000,慈利县,430821216000,甘堰土家族乡,430821216213,桃坪村
430000000000,湖南省,430800000000,张家界市,430821000000,慈利县,430821216000,甘堰土家族乡,430821216215,马鞍村
430000000000,湖南省,430800000000,张家界市,430821000000,慈利县,430821216000,甘堰土家族乡,430821216217,红岩岭村
430000000000,湖南省,430800000000,张家界市,430821000000,慈利县,430821216000,甘堰土家族乡,430821216218,川石村
430000000000,湖南省,430800000000,张家界市,430821000000,慈利县,430821216000,甘堰土家族乡,430821216221,宜冲桥村
430000000000,湖南省,430800000000,张家界市,430821000000,慈利县,430821216000,甘堰土家族乡,430821216222,岩峪村
430000000000,湖南省,430800000000,张家界市,430821000000,慈利县,430821216000,甘堰土家族乡,430821216223,东方红村
430000000000,湖南省,430800000000,张家界市,430821000000,慈利县,430821216000,甘堰土家族乡,430821216224,长岭岗村
430000000000,湖南省,430800000000,张家界市,430821000000,慈利县,430821216000,甘堰土家族乡,430821216225,任家坪村
430000000000,湖南省,430800000000,张家界市,430821000000,慈利县,430821216000,甘堰土家族乡,430821216226,歇驾庄村
430000000000,湖南省,430800000000,张家界市,430821000000,慈利县,430821216000,甘堰土家族乡,430821216227,龙象庵村
430000000000,湖南省,430800000000,张家界市,430821000000,慈利县,430821216000,甘堰土家族乡,430821216228,双峪村
430000000000,湖南省,430800000000,张家界市,430821000000,慈利县,430821217000,阳和土家族乡,430821217201,甲石村
430000000000,湖南省,430800000000,张家界市,430821000000,慈利县,430821217000,阳和土家族乡,430821217205,双坪村
430000000000,湖南省,430800000000,张家界市,430821000000,慈利县,430821217000,阳和土家族乡,430821217206,渔浦村
430000000000,湖南省,430800000000,张家界市,430821000000,慈利县,430821217000,阳和土家族乡,430821217207,官坊村
430000000000,湖南省,430800000000,张家界市,430821000000,慈利县,430821217000,阳和土家族乡,430821217208,桃溪村
430000000000,湖南省,430800000000,张家界市,430821000000,慈利县,430821217000,阳和土家族乡,430821217209,三溪村
430000000000,湖南省,430800000000,张家界市,430821000000,慈利县,430821217000,阳和土家族乡,430821217213,杨家坪村
430000000000,湖南省,430800000000,张家界市,430821000000,慈利县,430821217000,阳和土家族乡,430821217215,七方峪村
430000000000,湖南省,430800000000,张家界市,430821000000,慈利县,430821217000,阳和土家族乡,430821217217,五狮寨村
430000000000,湖南省,430800000000,张家界市,430821000000,慈利县,430821217000,阳和土家族乡,430821217218,九澧村
430000000000,湖南省,430800000000,张家界市,430822000000,桑植县,430822100000,澧源镇,430822100001,高家坪社区
430000000000,湖南省,430800000000,张家界市,430822000000,桑植县,430822100000,澧源镇,430822100003,文明路社区
430000000000,湖南省,430800000000,张家界市,430822000000,桑植县,430822100000,澧源镇,430822100005,文昌街社区
430000000000,湖南省,430800000000,张家界市,430822000000,桑植县,430822100000,澧源镇,430822100007,汪家坪社区
430000000000,湖南省,430800000000,张家界市,430822000000,桑植县,430822100000,澧源镇,430822100008,朱家台社区
430000000000,湖南省,430800000000,张家界市,430822000000,桑植县,430822100000,澧源镇,430822100011,何家坪社区
430000000000,湖南省,430800000000,张家界市,430822000000,桑植县,430822100000,澧源镇,430822100012,建新岭居民委员会
430000000000,湖南省,430800000000,张家界市,430822000000,桑植县,430822100000,澧源镇,430822100014,老观潭社区
430000000000,湖南省,430800000000,张家界市,430822000000,桑植县,430822100000,澧源镇,430822100200,仙鹅村村民委员会
430000000000,湖南省,430800000000,张家界市,430822000000,桑植县,430822100000,澧源镇,430822100201,罗家庄村村
430000000000,湖南省,430800000000,张家界市,430822000000,桑植县,430822100000,澧源镇,430822100202,上家坪村村
430000000000,湖南省,430800000000,张家界市,430822000000,桑植县,430822100000,澧源镇,430822100203,兴旺塔村村
430000000000,湖南省,430800000000,张家界市,430822000000,桑植县,430822100000,澧源镇,430822100204,洋公潭村民委员会
430000000000,湖南省,430800000000,张家界市,430822000000,桑植县,430822100000,澧源镇,430822100206,长潭村村
430000000000,湖南省,430800000000,张家界市,430822000000,桑植县,430822100000,澧源镇,430822100207,朱家坪村村
430000000000,湖南省,430800000000,张家界市,430822000000,桑植县,430822100000,澧源镇,430822100209,合幸村
430000000000,湖南省,430800000000,张家界市,430822000000,桑植县,430822100000,澧源镇,430822100213,岩亚村村
430000000000,湖南省,430800000000,张家界市,430822000000,桑植县,430822100000,澧源镇,430822100214,金山村村
430000000000,湖南省,430800000000,张家界市,430822000000,桑植县,430822100000,澧源镇,430822100215,蔡家峪村村
430000000000,湖南省,430800000000,张家界市,430822000000,桑植县,430822100000,澧源镇,430822100216,西界村村
430000000000,湖南省,430800000000,张家界市,430822000000,桑植县,430822101000,瑞塔铺镇,430822101001,瑞市
430000000000,湖南省,430800000000,张家界市,430822000000,桑植县,430822101000,瑞塔铺镇,430822101002,鸟儿岭
430000000000,湖南省,430800000000,张家界市,430822000000,桑植县,430822101000,瑞塔铺镇,430822101003,罗家边
430000000000,湖南省,430800000000,张家界市,430822000000,桑植县,430822101000,瑞塔铺镇,430822101004,杨家洛
430000000000,湖南省,430800000000,张家界市,430822000000,桑植县,430822101000,瑞塔铺镇,430822101202,青龙溪村村
430000000000,湖南省,430800000000,张家界市,430822000000,桑植县,430822101000,瑞塔铺镇,430822101203,芦溪村
430000000000,湖南省,430800000000,张家界市,430822000000,桑植县,430822101000,瑞塔铺镇,430822101205,小溪村
430000000000,湖南省,430800000000,张家界市,430822000000,桑植县,430822101000,瑞塔铺镇,430822101207,火盆峪村村
430000000000,湖南省,430800000000,张家界市,430822000000,桑植县,430822101000,瑞塔铺镇,430822101208,东旺坪村村
430000000000,湖南省,430800000000,张家界市,430822000000,桑植县,430822101000,瑞塔铺镇,430822101209,王家坡村村
430000000000,湖南省,430800000000,张家界市,430822000000,桑植县,430822101000,瑞塔铺镇,430822101210,老岩桥村村
430000000000,湖南省,430800000000,张家界市,430822000000,桑植县,430822101000,瑞塔铺镇,430822101211,潮水河村村
430000000000,湖南省,430800000000,张家界市,430822000000,桑植县,430822101000,瑞塔铺镇,430822101212,马井村村
430000000000,湖南省,430800000000,张家界市,430822000000,桑植县,430822101000,瑞塔铺镇,430822101215,干溪村村
430000000000,湖南省,430800000000,张家界市,430822000000,桑植县,430822101000,瑞塔铺镇,430822101217,定家峪村村
430000000000,湖南省,430800000000,张家界市,430822000000,桑植县,430822102000,官地坪镇,430822102001,杜家坪
430000000000,湖南省,430800000000,张家界市,430822000000,桑植县,430822102000,官地坪镇,430822102201,富平村
430000000000,湖南省,430800000000,张家界市,430822000000,桑植县,430822102000,官地坪镇,430822102202,梯市村
430000000000,湖南省,430800000000,张家界市,430822000000,桑植县,430822102000,官地坪镇,430822102204,中坪村村民委员会
430000000000,湖南省,430800000000,张家界市,430822000000,桑植县,430822102000,官地坪镇,430822102205,赵家坪村
430000000000,湖南省,430800000000,张家界市,430822000000,桑植县,430822102000,官地坪镇,430822102207,双桥村村民委员会
430000000000,湖南省,430800000000,张家界市,430822000000,桑植县,430822102000,官地坪镇,430822102208,黄家台村村民委员会
430000000000,湖南省,430800000000,张家界市,430822000000,桑植县,430822102000,官地坪镇,430822102209,金山坪村
430000000000,湖南省,430800000000,张家界市,430822000000,桑植县,430822102000,官地坪镇,430822102213,铜矿村村民委员会
430000000000,湖南省,430800000000,张家界市,430822000000,桑植县,430822102000,官地坪镇,430822102214,东流坪村村民委员会
430000000000,湖南省,430800000000,张家界市,430822000000,桑植县,430822102000,官地坪镇,430822102215,洞口村村民委员会
430000000000,湖南省,430800000000,张家界市,430822000000,桑植县,430822102000,官地坪镇,430822102216,三源村
430000000000,湖南省,430800000000,张家界市,430822000000,桑植县,430822102000,官地坪镇,430822102218,龙泉村村民委员会
430000000000,湖南省,430800000000,张家界市,430822000000,桑植县,430822102000,官地坪镇,430822102221,水流村
430000000000,湖南省,430800000000,张家界市,430822000000,桑植县,430822102000,官地坪镇,430822102224,长潭坪村
430000000000,湖南省,430800000000,张家界市,430822000000,桑植县,430822102000,官地坪镇,430822102225,林家堡村
430000000000,湖南省,430800000000,张家界市,430822000000,桑植县,430822102000,官地坪镇,430822102227,天眼池村
430000000000,湖南省,430800000000,张家界市,430822000000,桑植县,430822103000,凉水口镇,430822103001,楠木岗
430000000000,湖南省,430800000000,张家界市,430822000000,桑植县,430822103000,凉水口镇,430822103200,茶元塔村村民委员会
430000000000,湖南省,430800000000,张家界市,430822000000,桑植县,430822103000,凉水口镇,430822103201,利溪坪村
430000000000,湖南省,430800000000,张家界市,430822000000,桑植县,430822103000,凉水口镇,430822103205,和谐村
430000000000,湖南省,430800000000,张家界市,430822000000,桑植县,430822103000,凉水口镇,430822103206,尧儿坪村村民委员会
430000000000,湖南省,430800000000,张家界市,430822000000,桑植县,430822103000,凉水口镇,430822103208,张家塔村村民委员会
430000000000,湖南省,430800000000,张家界市,430822000000,桑植县,430822103000,凉水口镇,430822103210,李家庄村村民委员会
430000000000,湖南省,430800000000,张家界市,430822000000,桑植县,430822103000,凉水口镇,430822103211,夏家峪村村民委员会
430000000000,湖南省,430800000000,张家界市,430822000000,桑植县,430822103000,凉水口镇,430822103215,长潭河村
430000000000,湖南省,430800000000,张家界市,430822000000,桑植县,430822103000,凉水口镇,430822103222,卓家坪村
430000000000,湖南省,430800000000,张家界市,430822000000,桑植县,430822103000,凉水口镇,430822103225,罗峪村
430000000000,湖南省,430800000000,张家界市,430822000000,桑植县,430822104000,龙潭坪镇,430822104001,龙潭坪
430000000000,湖南省,430800000000,张家界市,430822000000,桑植县,430822104000,龙潭坪镇,430822104203,红军村
430000000000,湖南省,430800000000,张家界市,430822000000,桑植县,430822104000,龙潭坪镇,430822104204,白竹坪村村民委员会
430000000000,湖南省,430800000000,张家界市,430822000000,桑植县,430822104000,龙潭坪镇,430822104205,赶坪村村民委员会
430000000000,湖南省,430800000000,张家界市,430822000000,桑植县,430822104000,龙潭坪镇,430822104206,李家湾村村民委员会
430000000000,湖南省,430800000000,张家界市,430822000000,桑植县,430822104000,龙潭坪镇,430822104207,三合街村村民委员会
430000000000,湖南省,430800000000,张家界市,430822000000,桑植县,430822104000,龙潭坪镇,430822104210,狮子塔村
430000000000,湖南省,430800000000,张家界市,430822000000,桑植县,430822104000,龙潭坪镇,430822104212,银市坪村
430000000000,湖南省,430800000000,张家界市,430822000000,桑植县,430822104000,龙潭坪镇,430822104213,金子山村
430000000000,湖南省,430800000000,张家界市,430822000000,桑植县,430822104000,龙潭坪镇,430822104217,苦竹坪村
430000000000,湖南省,430800000000,张家界市,430822000000,桑植县,430822104000,龙潭坪镇,430822104220,古罗界村
430000000000,湖南省,430800000000,张家界市,430822000000,桑植县,430822104000,龙潭坪镇,430822104221,洪家峪村
430000000000,湖南省,430800000000,张家界市,430822000000,桑植县,430822104000,龙潭坪镇,430822104222,大洞堡村
430000000000,湖南省,430800000000,张家界市,430822000000,桑植县,430822104000,龙潭坪镇,430822104223,斋公坪村
430000000000,湖南省,430800000000,张家界市,430822000000,桑植县,430822104000,龙潭坪镇,430822104225,四方溪村
430000000000,湖南省,430800000000,张家界市,430822000000,桑植县,430822104000,龙潭坪镇,430822104228,溪口村
430000000000,湖南省,430800000000,张家界市,430822000000,桑植县,430822105000,五道水镇,430822105001,五道水
430000000000,湖南省,430800000000,张家界市,430822000000,桑植县,430822105000,五道水镇,430822105002,团堡
430000000000,湖南省,430800000000,张家界市,430822000000,桑植县,430822105000,五道水镇,430822105200,连家湾村村民委员会
430000000000,湖南省,430800000000,张家界市,430822000000,桑植县,430822105000,五道水镇,430822105203,茶叶村村民委员会
430000000000,湖南省,430800000000,张家界市,430822000000,桑植县,430822105000,五道水镇,430822105205,岔角溪村村民委员会
430000000000,湖南省,430800000000,张家界市,430822000000,桑植县,430822105000,五道水镇,430822105210,水田坝村
430000000000,湖南省,430800000000,张家界市,430822000000,桑植县,430822105000,五道水镇,430822105213,芭茅溪村
430000000000,湖南省,430800000000,张家界市,430822000000,桑植县,430822105000,五道水镇,430822105216,桑植坪村
430000000000,湖南省,430800000000,张家界市,430822000000,桑植县,430822106000,陈家河镇,430822106001,唐家坪
430000000000,湖南省,430800000000,张家界市,430822000000,桑植县,430822106000,陈家河镇,430822106002,黄木潭
430000000000,湖南省,430800000000,张家界市,430822000000,桑植县,430822106000,陈家河镇,430822106200,蔡家坪村村民委员会
430000000000,湖南省,430800000000,张家界市,430822000000,桑植县,430822106000,陈家河镇,430822106203,梳子溪村
430000000000,湖南省,430800000000,张家界市,430822000000,桑植县,430822106000,陈家河镇,430822106207,新街村村民委员会
430000000000,湖南省,430800000000,张家界市,430822000000,桑植县,430822106000,陈家河镇,430822106208,夹石河村
430000000000,湖南省,430800000000,张家界市,430822000000,桑植县,430822106000,陈家河镇,430822106213,龙潭沟村村民委员会
430000000000,湖南省,430800000000,张家界市,430822000000,桑植县,430822106000,陈家河镇,430822106214,厂湾村村民委员会
430000000000,湖南省,430800000000,张家界市,430822000000,桑植县,430822106000,陈家河镇,430822106216,苍关峪村村民委员会
430000000000,湖南省,430800000000,张家界市,430822000000,桑植县,430822106000,陈家河镇,430822106218,肖家坪村村民委员会
430000000000,湖南省,430800000000,张家界市,430822000000,桑植县,430822106000,陈家河镇,430822106222,岩屋口村
430000000000,湖南省,430800000000,张家界市,430822000000,桑植县,430822106000,陈家河镇,430822106226,大吾坝村
430000000000,湖南省,430800000000,张家界市,430822000000,桑植县,430822106000,陈家河镇,430822106227,撒埠溪村
430000000000,湖南省,430800000000,张家界市,430822000000,桑植县,430822106000,陈家河镇,430822106230,两河口村
430000000000,湖南省,430800000000,张家界市,430822000000,桑植县,430822106000,陈家河镇,430822106232,张家村
430000000000,湖南省,430800000000,张家界市,430822000000,桑植县,430822106000,陈家河镇,430822106233,官坪村
430000000000,湖南省,430800000000,张家界市,430822000000,桑植县,430822106000,陈家河镇,430822106234,岩壁村
430000000000,湖南省,430800000000,张家界市,430822000000,桑植县,430822106000,陈家河镇,430822106237,下洞街村
430000000000,湖南省,430800000000,张家界市,430822000000,桑植县,430822106000,陈家河镇,430822106242,旧街村
430000000000,湖南省,430800000000,张家界市,430822000000,桑植县,430822106000,陈家河镇,430822106244,格溪村
430000000000,湖南省,430800000000,张家界市,430822000000,桑植县,430822106000,陈家河镇,430822106245,云朝山村
430000000000,湖南省,430800000000,张家界市,430822000000,桑植县,430822107000,廖家村镇,430822107001,廖家村
430000000000,湖南省,430800000000,张家界市,430822000000,桑植县,430822107000,廖家村镇,430822107002,苗寨
430000000000,湖南省,430800000000,张家界市,430822000000,桑植县,430822107000,廖家村镇,430822107200,莫家塔村村民委员会
430000000000,湖南省,430800000000,张家界市,430822000000,桑植县,430822107000,廖家村镇,430822107201,冲王溪村村民委员会
430000000000,湖南省,430800000000,张家界市,430822000000,桑植县,430822107000,廖家村镇,430822107202,二户田村村民委员会
430000000000,湖南省,430800000000,张家界市,430822000000,桑植县,430822107000,廖家村镇,430822107204,咱家村村民委员会
430000000000,湖南省,430800000000,张家界市,430822000000,桑植县,430822107000,廖家村镇,430822107206,妖气洞村村民委员会
430000000000,湖南省,430800000000,张家界市,430822000000,桑植县,430822107000,廖家村镇,430822107207,团结村
430000000000,湖南省,430800000000,张家界市,430822000000,桑植县,430822108000,利福塔镇,430822108001,利福塔
430000000000,湖南省,430800000000,张家界市,430822000000,桑植县,430822108000,利福塔镇,430822108200,赤溪村村民委员会
430000000000,湖南省,430800000000,张家界市,430822000000,桑植县,430822108000,利福塔镇,430822108201,青龙村村民委员会
430000000000,湖南省,430800000000,张家界市,430822000000,桑植县,430822108000,利福塔镇,430822108203,莲花垭村
430000000000,湖南省,430800000000,张家界市,430822000000,桑植县,430822108000,利福塔镇,430822108204,凤栖村
430000000000,湖南省,430800000000,张家界市,430822000000,桑植县,430822108000,利福塔镇,430822108205,杨仕坪村
430000000000,湖南省,430800000000,张家界市,430822000000,桑植县,430822108000,利福塔镇,430822108207,三岔溪村村民委员会
430000000000,湖南省,430800000000,张家界市,430822000000,桑植县,430822108000,利福塔镇,430822108208,金家台村村民委员会
430000000000,湖南省,430800000000,张家界市,430822000000,桑植县,430822108000,利福塔镇,430822108210,官庄村村民委员会
430000000000,湖南省,430800000000,张家界市,430822000000,桑植县,430822108000,利福塔镇,430822108211,岩板村村民委员会
430000000000,湖南省,430800000000,张家界市,430822000000,桑植县,430822108000,利福塔镇,430822108212,舒家坪村村民委员会
430000000000,湖南省,430800000000,张家界市,430822000000,桑植县,430822108000,利福塔镇,430822108213,白龙村
430000000000,湖南省,430800000000,张家界市,430822000000,桑植县,430822108000,利福塔镇,430822108217,郭家台村村民委员会
430000000000,湖南省,430800000000,张家界市,430822000000,桑植县,430822108000,利福塔镇,430822108219,苦竹河村村民委员会
430000000000,湖南省,430800000000,张家界市,430822000000,桑植县,430822109000,八大公山镇,430822109201,车大河村
430000000000,湖南省,430800000000,张家界市,430822000000,桑植县,430822109000,八大公山镇,430822109203,凤凰山村
430000000000,湖南省,430800000000,张家界市,430822000000,桑植县,430822109000,八大公山镇,430822109205,八大公山村
430000000000,湖南省,430800000000,张家界市,430822000000,桑植县,430822109000,八大公山镇,430822109208,斗篷山村
430000000000,湖南省,430800000000,张家界市,430822000000,桑植县,430822109000,八大公山镇,430822109209,庄耳坪村
430000000000,湖南省,430800000000,张家界市,430822000000,桑植县,430822109000,八大公山镇,430822109211,云鹤村
430000000000,湖南省,430800000000,张家界市,430822000000,桑植县,430822109000,八大公山镇,430822109214,茅坡村
430000000000,湖南省,430800000000,张家界市,430822000000,桑植县,430822109000,八大公山镇,430822109215,九龙村
430000000000,湖南省,430800000000,张家界市,430822000000,桑植县,430822109000,八大公山镇,430822109217,细沙坪村
430000000000,湖南省,430800000000,张家界市,430822000000,桑植县,430822109000,八大公山镇,430822109218,朝南坪村
430000000000,湖南省,430800000000,张家界市,430822000000,桑植县,430822109000,八大公山镇,430822109220,徐家桥村
430000000000,湖南省,430800000000,张家界市,430822000000,桑植县,430822109000,八大公山镇,430822109222,笔架山村
430000000000,湖南省,430800000000,张家界市,430822000000,桑植县,430822109000,八大公山镇,430822109223,洗泡河村
430000000000,湖南省,430800000000,张家界市,430822000000,桑植县,430822109000,八大公山镇,430822109224,马龙山村
430000000000,湖南省,430800000000,张家界市,430822000000,桑植县,430822109000,八大公山镇,430822109226,筲箕池村
430000000000,湖南省,430800000000,张家界市,430822000000,桑植县,430822109000,八大公山镇,430822109227,蹇家坡村
430000000000,湖南省,430800000000,张家界市,430822000000,桑植县,430822110000,桥自弯镇,430822110201,青龙村
430000000000,湖南省,430800000000,张家界市,430822000000,桑植县,430822110000,桥自弯镇,430822110203,白果村
430000000000,湖南省,430800000000,张家界市,430822000000,桑植县,430822110000,桥自弯镇,430822110204,松柏村民委员会
430000000000,湖南省,430800000000,张家界市,430822000000,桑植县,430822110000,桥自弯镇,430822110205,长坪村民委员会
430000000000,湖南省,430800000000,张家界市,430822000000,桑植县,430822110000,桥自弯镇,430822110208,桥自弯村
430000000000,湖南省,430800000000,张家界市,430822000000,桑植县,430822110000,桥自弯镇,430822110209,三和村
430000000000,湖南省,430800000000,张家界市,430822000000,桑植县,430822110000,桥自弯镇,430822110212,山羊溪村民委员会
430000000000,湖南省,430800000000,张家界市,430822000000,桑植县,430822110000,桥自弯镇,430822110215,柏杨村
430000000000,湖南省,430800000000,张家界市,430822000000,桑植县,430822110000,桥自弯镇,430822110216,李家垭村
430000000000,湖南省,430800000000,张家界市,430822000000,桑植县,430822110000,桥自弯镇,430822110217,王家村民委员会
430000000000,湖南省,430800000000,张家界市,430822000000,桑植县,430822110000,桥自弯镇,430822110220,谷罗山村
430000000000,湖南省,430800000000,张家界市,430822000000,桑植县,430822110000,桥自弯镇,430822110222,牛洞口村
430000000000,湖南省,430800000000,张家界市,430822000000,桑植县,430822110000,桥自弯镇,430822110226,学堂堡村
430000000000,湖南省,430800000000,张家界市,430822000000,桑植县,430822110000,桥自弯镇,430822110228,龙潭村
430000000000,湖南省,430800000000,张家界市,430822000000,桑植县,430822111000,人潮溪镇,430822111201,分水岭村村民委员会
430000000000,湖南省,430800000000,张家界市,430822000000,桑植县,430822111000,人潮溪镇,430822111202,统子峪村村民委员会
430000000000,湖南省,430800000000,张家界市,430822000000,桑植县,430822111000,人潮溪镇,430822111203,人潮溪村
430000000000,湖南省,430800000000,张家界市,430822000000,桑植县,430822111000,人潮溪镇,430822111206,和平村村民委员会
430000000000,湖南省,430800000000,张家界市,430822000000,桑植县,430822111000,人潮溪镇,430822111207,红旗村村民委员会
430000000000,湖南省,430800000000,张家界市,430822000000,桑植县,430822111000,人潮溪镇,430822111208,溇阳村
430000000000,湖南省,430800000000,张家界市,430822000000,桑植县,430822111000,人潮溪镇,430822111212,南滩村
430000000000,湖南省,430800000000,张家界市,430822000000,桑植县,430822111000,人潮溪镇,430822111214,双狮村
430000000000,湖南省,430800000000,张家界市,430822000000,桑植县,430822111000,人潮溪镇,430822111216,白石村
430000000000,湖南省,430800000000,张家界市,430822000000,桑植县,430822111000,人潮溪镇,430822111218,廖城村
430000000000,湖南省,430800000000,张家界市,430822000000,桑植县,430822111000,人潮溪镇,430822111219,新华村
430000000000,湖南省,430800000000,张家界市,430822000000,桑植县,430822111000,人潮溪镇,430822111221,石门亚村村民委员会
430000000000,湖南省,430800000000,张家界市,430822000000,桑植县,430822111000,人潮溪镇,430822111223,西莲村
430000000000,湖南省,430800000000,张家界市,430822000000,桑植县,430822111000,人潮溪镇,430822111224,三鹤园村
430000000000,湖南省,430800000000,张家界市,430822000000,桑植县,430822111000,人潮溪镇,430822111225,中里村村民委员会
430000000000,湖南省,430800000000,张家界市,430822000000,桑植县,430822111000,人潮溪镇,430822111229,龙鹤村
430000000000,湖南省,430800000000,张家界市,430822000000,桑植县,430822111000,人潮溪镇,430822111230,罗柳村
430000000000,湖南省,430800000000,张家界市,430822000000,桑植县,430822200000,空壳树乡,430822200202,虎形村村民委员会
430000000000,湖南省,430800000000,张家界市,430822000000,桑植县,430822200000,空壳树乡,430822200203,陈家坪村村民委员会
430000000000,湖南省,430800000000,张家界市,430822000000,桑植县,430822200000,空壳树乡,430822200204,龙虎山村村民委员会
430000000000,湖南省,430800000000,张家界市,430822000000,桑植县,430822200000,空壳树乡,430822200205,八斗桥村
430000000000,湖南省,430800000000,张家界市,430822000000,桑植县,430822200000,空壳树乡,430822200207,空军村村民委员会
430000000000,湖南省,430800000000,张家界市,430822000000,桑植县,430822200000,空壳树乡,430822200209,莲花台村村民委员会
430000000000,湖南省,430800000000,张家界市,430822000000,桑植县,430822200000,空壳树乡,430822200211,罗家坪村村民委员会
430000000000,湖南省,430800000000,张家界市,430822000000,桑植县,430822200000,空壳树乡,430822200212,白马泉村村民委员会
430000000000,湖南省,430800000000,张家界市,430822000000,桑植县,430822200000,空壳树乡,430822200214,汤溪峪村村民委员会
430000000000,湖南省,430800000000,张家界市,430822000000,桑植县,430822202000,竹叶坪乡,430822202201,中坪村
430000000000,湖南省,430800000000,张家界市,430822000000,桑植县,430822202000,竹叶坪乡,430822202204,柳浪坪村民委员会
430000000000,湖南省,430800000000,张家界市,430822000000,桑植县,430822202000,竹叶坪乡,430822202206,鸡公亚村村民委员会
430000000000,湖南省,430800000000,张家界市,430822000000,桑植县,430822202000,竹叶坪乡,430822202208,茶亚村村民委员会
430000000000,湖南省,430800000000,张家界市,430822000000,桑植县,430822202000,竹叶坪乡,430822202210,干洞村村民委员会
430000000000,湖南省,430800000000,张家界市,430822000000,桑植县,430822202000,竹叶坪乡,430822202211,侵峪村村民委员会
430000000000,湖南省,430800000000,张家界市,430822000000,桑植县,430822202000,竹叶坪乡,430822202214,柳阳溪村村民委员会
430000000000,湖南省,430800000000,张家界市,430822000000,桑植县,430822202000,竹叶坪乡,430822202215,竹叶坪村村民委员会
430000000000,湖南省,430800000000,张家界市,430822000000,桑植县,430822202000,竹叶坪乡,430822202216,南湖村村民委员会
430000000000,湖南省,430800000000,张家界市,430822000000,桑植县,430822203000,走马坪白族乡,430822203202,贵竹垭村村民委员会
430000000000,湖南省,430800000000,张家界市,430822000000,桑植县,430822203000,走马坪白族乡,430822203203,向家坪村村民委员会
430000000000,湖南省,430800000000,张家界市,430822000000,桑植县,430822203000,走马坪白族乡,430822203204,天合村村民委员会
430000000000,湖南省,430800000000,张家界市,430822000000,桑植县,430822203000,走马坪白族乡,430822203205,龙洞坪村村民委员会
430000000000,湖南省,430800000000,张家界市,430822000000,桑植县,430822203000,走马坪白族乡,430822203206,滚水峪村村民委员会
430000000000,湖南省,430800000000,张家界市,430822000000,桑植县,430822203000,走马坪白族乡,430822203209,走马坪村村民委员会
430000000000,湖南省,430800000000,张家界市,430822000000,桑植县,430822203000,走马坪白族乡,430822203223,安家峪村
430000000000,湖南省,430800000000,张家界市,430822000000,桑植县,430822203000,走马坪白族乡,430822203225,叶家桥村
430000000000,湖南省,430800000000,张家界市,430822000000,桑植县,430822203000,走马坪白族乡,430822203227,汨湖村
430000000000,湖南省,430800000000,张家界市,430822000000,桑植县,430822203000,走马坪白族乡,430822203228,碾子包村
430000000000,湖南省,430800000000,张家界市,430822000000,桑植县,430822203000,走马坪白族乡,430822203229,护国村村
430000000000,湖南省,430800000000,张家界市,430822000000,桑植县,430822203000,走马坪白族乡,430822203230,前村坪村
430000000000,湖南省,430800000000,张家界市,430822000000,桑植县,430822203000,走马坪白族乡,430822203231,白石溪村
430000000000,湖南省,430800000000,张家界市,430822000000,桑植县,430822203000,走马坪白族乡,430822203233,广文台村
430000000000,湖南省,430800000000,张家界市,430822000000,桑植县,430822207000,刘家坪白族乡,430822207202,双溪桥村村民委员会
430000000000,湖南省,430800000000,张家界市,430822000000,桑植县,430822207000,刘家坪白族乡,430822207203,犀牛村
430000000000,湖南省,430800000000,张家界市,430822000000,桑植县,430822207000,刘家坪白族乡,430822207205,长征村
430000000000,湖南省,430800000000,张家界市,430822000000,桑植县,430822207000,刘家坪白族乡,430822207208,刘家坪村村民委员会
430000000000,湖南省,430800000000,张家界市,430822000000,桑植县,430822207000,刘家坪白族乡,430822207211,新阳村
430000000000,湖南省,430800000000,张家界市,430822000000,桑植县,430822207000,刘家坪白族乡,430822207212,关溪涧村村民委员会
430000000000,湖南省,430800000000,张家界市,430822000000,桑植县,430822208000,芙蓉桥白族乡,430822208201,高阳村
430000000000,湖南省,430800000000,张家界市,430822000000,桑植县,430822208000,芙蓉桥白族乡,430822208202,福建坡村村民委员会
430000000000,湖南省,430800000000,张家界市,430822000000,桑植县,430822208000,芙蓉桥白族乡,430822208207,银屋村
430000000000,湖南省,430800000000,张家界市,430822000000,桑植县,430822208000,芙蓉桥白族乡,430822208208,芙蓉桥村村民委员会
430000000000,湖南省,430800000000,张家界市,430822000000,桑植县,430822208000,芙蓉桥白族乡,430822208209,梅家桥村村民委员会
430000000000,湖南省,430800000000,张家界市,430822000000,桑植县,430822208000,芙蓉桥白族乡,430822208210,鹤群村村民委员会
430000000000,湖南省,430800000000,张家界市,430822000000,桑植县,430822208000,芙蓉桥白族乡,430822208212,大庄坪村村民委员会
430000000000,湖南省,430800000000,张家界市,430822000000,桑植县,430822208000,芙蓉桥白族乡,430822208215,上坪村
430000000000,湖南省,430800000000,张家界市,430822000000,桑植县,430822208000,芙蓉桥白族乡,430822208216,下坪村
430000000000,湖南省,430800000000,张家界市,430822000000,桑植县,430822208000,芙蓉桥白族乡,430822208222,淋溪源村
430000000000,湖南省,430800000000,张家界市,430822000000,桑植县,430822208000,芙蓉桥白族乡,430822208223,淋溪河村
430000000000,湖南省,430800000000,张家界市,430822000000,桑植县,430822208000,芙蓉桥白族乡,430822208225,夹河坪村
430000000000,湖南省,430800000000,张家界市,430822000000,桑植县,430822208000,芙蓉桥白族乡,430822208229,马安会村
430000000000,湖南省,430800000000,张家界市,430822000000,桑植县,430822210000,马合口白族乡,430822210201,马合口村民委员会
430000000000,湖南省,430800000000,张家界市,430822000000,桑植县,430822210000,马合口白族乡,430822210204,梭子丘村民委员会
430000000000,湖南省,430800000000,张家界市,430822000000,桑植县,430822210000,马合口白族乡,430822210207,自生桥村民委员会
430000000000,湖南省,430800000000,张家界市,430822000000,桑植县,430822210000,马合口白族乡,430822210209,佳木峪村民委员会
430000000000,湖南省,430800000000,张家界市,430822000000,桑植县,430822210000,马合口白族乡,430822210211,双泉村
430000000000,湖南省,430800000000,张家界市,430822000000,桑植县,430822210000,马合口白族乡,430822210212,刘家寺村民委员会
430000000000,湖南省,430800000000,张家界市,430822000000,桑植县,430822210000,马合口白族乡,430822210222,麦地坪村
430000000000,湖南省,430800000000,张家界市,430822000000,桑植县,430822210000,马合口白族乡,430822210223,芦阳村
430000000000,湖南省,430800000000,张家界市,430822000000,桑植县,430822210000,马合口白族乡,430822210226,青峰溪村村民委员会
430000000000,湖南省,430800000000,张家界市,430822000000,桑植县,430822213000,洪家关白族乡,430822213202,龙头村民委员会
430000000000,湖南省,430800000000,张家界市,430822000000,桑植县,430822213000,洪家关白族乡,430822213203,小河口村民委员会
430000000000,湖南省,430800000000,张家界市,430822000000,桑植县,430822213000,洪家关白族乡,430822213205,南岔村民委员会
430000000000,湖南省,430800000000,张家界市,430822000000,桑植县,430822213000,洪家关白族乡,430822213206,回龙村民委员会
430000000000,湖南省,430800000000,张家界市,430822000000,桑植县,430822213000,洪家关白族乡,430822213209,枫坪村
430000000000,湖南省,430800000000,张家界市,430822000000,桑植县,430822213000,洪家关白族乡,430822213211,云丰村民委员会
430000000000,湖南省,430800000000,张家界市,430822000000,桑植县,430822213000,洪家关白族乡,430822213212,泉峪村民委员会
430000000000,湖南省,430800000000,张家界市,430822000000,桑植县,430822213000,洪家关白族乡,430822213213,洪家关村民委员会
430000000000,湖南省,430800000000,张家界市,430822000000,桑植县,430822213000,洪家关白族乡,430822213215,花园村民委员会
430000000000,湖南省,430800000000,张家界市,430822000000,桑植县,430822213000,洪家关白族乡,430822213217,龙凤塔村
430000000000,湖南省,430800000000,张家界市,430822000000,桑植县,430822213000,洪家关白族乡,430822213220,胜龙村民委员会
430000000000,湖南省,430800000000,张家界市,430822000000,桑植县,430822213000,洪家关白族乡,430822213221,海龙村民委员会
430000000000,湖南省,430800000000,张家界市,430822000000,桑植县,430822213000,洪家关白族乡,430822213222,玉泉村
430000000000,湖南省,430800000000,张家界市,430822000000,桑植县,430822213000,洪家关白族乡,430822213223,实竹坪村民委员会
430000000000,湖南省,430800000000,张家界市,430822000000,桑植县,430822213000,洪家关白族乡,430822213224,三屋逻村民委员会
430000000000,湖南省,430800000000,张家界市,430822000000,桑植县,430822213000,洪家关白族乡,430822213225,银杏塔村民委员会
430000000000,湖南省,430800000000,张家界市,430822000000,桑植县,430822213000,洪家关白族乡,430822213231,土南溪村
430000000000,湖南省,430800000000,张家界市,430822000000,桑植县,430822213000,洪家关白族乡,430822213233,赶塔村
430000000000,湖南省,430800000000,张家界市,430822000000,桑植县,430822213000,洪家关白族乡,430822213235,穴虎洞村
430000000000,湖南省,430800000000,张家界市,430822000000,桑植县,430822213000,洪家关白族乡,430822213236,小阜头村
430000000000,湖南省,430800000000,张家界市,430822000000,桑植县,430822213000,洪家关白族乡,430822213237,打鼓泉村
430000000000,湖南省,430800000000,张家界市,430822000000,桑植县,430822213000,洪家关白族乡,430822213238,陈家院村
430000000000,湖南省,430800000000,张家界市,430822000000,桑植县,430822213000,洪家关白族乡,430822213243,水田坪村
430000000000,湖南省,430800000000,张家界市,430822000000,桑植县,430822216000,沙塔坪乡,430822216201,分水岭村民委员会
430000000000,湖南省,430800000000,张家界市,430822000000,桑植县,430822216000,沙塔坪乡,430822216203,冷水塔村
430000000000,湖南省,430800000000,张家界市,430822000000,桑植县,430822216000,沙塔坪乡,430822216205,六耳口村民委员会
430000000000,湖南省,430800000000,张家界市,430822000000,桑植县,430822216000,沙塔坪乡,430822216208,廖家坡村民委员会
430000000000,湖南省,430800000000,张家界市,430822000000,桑植县,430822216000,沙塔坪乡,430822216209,沙塔坪村
430000000000,湖南省,430800000000,张家界市,430822000000,桑植县,430822216000,沙塔坪乡,430822216211,青龙村
430000000000,湖南省,430800000000,张家界市,430822000000,桑植县,430822216000,沙塔坪乡,430822216215,彭家湾村民委员会
430000000000,湖南省,430800000000,张家界市,430822000000,桑植县,430822216000,沙塔坪乡,430822216217,茶盘口村民委员会
430000000000,湖南省,430800000000,张家界市,430822000000,桑植县,430822216000,沙塔坪乡,430822216220,大木塘村民委员会
430000000000,湖南省,430800000000,张家界市,430822000000,桑植县,430822216000,沙塔坪乡,430822216223,唐家庄村民委员会
430000000000,湖南省,430800000000,张家界市,430822000000,桑植县,430822224000,河口乡,430822224201,科溪村民委员会
430000000000,湖南省,430800000000,张家界市,430822000000,桑植县,430822224000,河口乡,430822224202,懂市村民委员会
430000000000,湖南省,430800000000,张家界市,430822000000,桑植县,430822224000,河口乡,430822224203,河口村民委员会
430000000000,湖南省,430800000000,张家界市,430822000000,桑植县,430822224000,河口乡,430822224205,富溪村民委员会
430000000000,湖南省,430800000000,张家界市,430822000000,桑植县,430822224000,河口乡,430822224206,以咱村
430000000000,湖南省,430800000000,张家界市,430822000000,桑植县,430822224000,河口乡,430822224209,两岔村民委员会
430000000000,湖南省,430800000000,张家界市,430822000000,桑植县,430822224000,河口乡,430822224210,新民村
430000000000,湖南省,430800000000,张家界市,430822000000,桑植县,430822224000,河口乡,430822224212,西坪村民委员会
430000000000,湖南省,430800000000,张家界市,430822000000,桑植县,430822224000,河口乡,430822224214,沙洲村民委员会
430000000000,湖南省,430800000000,张家界市,430822000000,桑植县,430822224000,河口乡,430822224215,太坪村民委员会
430000000000,湖南省,430800000000,张家界市,430822000000,桑植县,430822224000,河口乡,430822224216,塘方村民委员会
430000000000,湖南省,430800000000,张家界市,430822000000,桑植县,430822224000,河口乡,430822224218,栗洞村
430000000000,湖南省,430800000000,张家界市,430822000000,桑植县,430822225000,上河溪乡,430822225201,刘家亚村民委员会
430000000000,湖南省,430800000000,张家界市,430822000000,桑植县,430822225000,上河溪乡,430822225203,熊家坪村民委员会
430000000000,湖南省,430800000000,张家界市,430822000000,桑植县,430822225000,上河溪乡,430822225205,东风坪村民委员会
430000000000,湖南省,430800000000,张家界市,430822000000,桑植县,430822225000,上河溪乡,430822225207,狮子山村民委员会
430000000000,湖南省,430800000000,张家界市,430822000000,桑植县,430822225000,上河溪乡,430822225208,上河溪村民委员会
430000000000,湖南省,430800000000,张家界市,430822000000,桑植县,430822225000,上河溪乡,430822225209,黄金塔村民委员会
430000000000,湖南省,430800000000,张家界市,430822000000,桑植县,430822225000,上河溪乡,430822225211,杨竹溪村民委员会
430000000000,湖南省,430800000000,张家界市,430822000000,桑植县,430822225000,上河溪乡,430822225212,邓家坡村民委员会
430000000000,湖南省,430800000000,张家界市,430822000000,桑植县,430822225000,上河溪乡,430822225215,云雾山村
430000000000,湖南省,430800000000,张家界市,430822000000,桑植县,430822228000,上洞街乡,430822228201,上洞街村民委员会
430000000000,湖南省,430800000000,张家界市,430822000000,桑植县,430822228000,上洞街乡,430822228202,双溪村
430000000000,湖南省,430800000000,张家界市,430822000000,桑植县,430822228000,上洞街乡,430822228204,麻逻村民委员会
430000000000,湖南省,430800000000,张家界市,430822000000,桑植县,430822228000,上洞街乡,430822228205,院子村民委员会
430000000000,湖南省,430800000000,张家界市,430822000000,桑植县,430822228000,上洞街乡,430822228206,二户坪村民委员会
430000000000,湖南省,430800000000,张家界市,430822000000,桑植县,430822228000,上洞街乡,430822228209,二户溪村民委员会
430000000000,湖南省,430800000000,张家界市,430822000000,桑植县,430822228000,上洞街乡,430822228210,卧云界村民委员会
430000000000,湖南省,430900000000,益阳市,430902000000,资阳区,430902005000,大码头街道,430902005001,石码头社区
430000000000,湖南省,430900000000,益阳市,430902000000,资阳区,430902005000,大码头街道,430902005002,七公庙社区
430000000000,湖南省,430900000000,益阳市,430902000000,资阳区,430902005000,大码头街道,430902005003,群众街社区
430000000000,湖南省,430900000000,益阳市,430902000000,资阳区,430902005000,大码头街道,430902005004,临兴街社区
430000000000,湖南省,430900000000,益阳市,430902000000,资阳区,430902005000,大码头街道,430902005005,鹅羊池社区
430000000000,湖南省,430900000000,益阳市,430902000000,资阳区,430902005000,大码头街道,430902005006,新兴街社区
430000000000,湖南省,430900000000,益阳市,430902000000,资阳区,430902005000,大码头街道,430902005007,建新里社区
430000000000,湖南省,430900000000,益阳市,430902000000,资阳区,430902005000,大码头街道,430902005009,金花坪社区
430000000000,湖南省,430900000000,益阳市,430902000000,资阳区,430902005000,大码头街道,430902005010,金花湖社区
430000000000,湖南省,430900000000,益阳市,430902000000,资阳区,430902005000,大码头街道,430902005011,三益街社区
430000000000,湖南省,430900000000,益阳市,430902000000,资阳区,430902006000,汽车路街道,430902006001,建设街社区
430000000000,湖南省,430900000000,益阳市,430902000000,资阳区,430902006000,汽车路街道,430902006002,贺家桥社区
430000000000,湖南省,430900000000,益阳市,430902000000,资阳区,430902006000,汽车路街道,430902006003,乾元宫社区
430000000000,湖南省,430900000000,益阳市,430902000000,资阳区,430902006000,汽车路街道,430902006004,人民路社区
430000000000,湖南省,430900000000,益阳市,430902000000,资阳区,430902006000,汽车路街道,430902006005,三圣殿社区
430000000000,湖南省,430900000000,益阳市,430902000000,资阳区,430902006000,汽车路街道,430902006006,文昌阁社区
430000000000,湖南省,430900000000,益阳市,430902000000,资阳区,430902006000,汽车路街道,430902006007,南岳宫社区
430000000000,湖南省,430900000000,益阳市,430902000000,资阳区,430902006000,汽车路街道,430902006008,城门外社区
430000000000,湖南省,430900000000,益阳市,430902000000,资阳区,430902006000,汽车路街道,430902006009,永丰社区
430000000000,湖南省,430900000000,益阳市,430902000000,资阳区,430902102000,迎风桥镇,430902102001,迎丰桥社区
430000000000,湖南省,430900000000,益阳市,430902000000,资阳区,430902102000,迎风桥镇,430902102201,左家仑村
430000000000,湖南省,430900000000,益阳市,430902000000,资阳区,430902102000,迎风桥镇,430902102203,牛角仑村
430000000000,湖南省,430900000000,益阳市,430902000000,资阳区,430902102000,迎风桥镇,430902102204,邹家桥村
430000000000,湖南省,430900000000,益阳市,430902000000,资阳区,430902102000,迎风桥镇,430902102207,迎风桥村
430000000000,湖南省,430900000000,益阳市,430902000000,资阳区,430902102000,迎风桥镇,430902102213,新花园村
430000000000,湖南省,430900000000,益阳市,430902000000,资阳区,430902102000,迎风桥镇,430902102215,鲜鱼塘村
430000000000,湖南省,430900000000,益阳市,430902000000,资阳区,430902102000,迎风桥镇,430902102217,新塘村
430000000000,湖南省,430900000000,益阳市,430902000000,资阳区,430902102000,迎风桥镇,430902102220,黄花仑村
430000000000,湖南省,430900000000,益阳市,430902000000,资阳区,430902104000,沙头镇,430902104001,海南塘社区
430000000000,湖南省,430900000000,益阳市,430902000000,资阳区,430902104000,沙头镇,430902104208,双枫树村
430000000000,湖南省,430900000000,益阳市,430902000000,资阳区,430902104000,沙头镇,430902104219,友谊村
430000000000,湖南省,430900000000,益阳市,430902000000,资阳区,430902104000,沙头镇,430902104221,华兴村
430000000000,湖南省,430900000000,益阳市,430902000000,资阳区,430902104000,沙头镇,430902104223,永明村
430000000000,湖南省,430900000000,益阳市,430902000000,资阳区,430902104000,沙头镇,430902104226,金桥村
430000000000,湖南省,430900000000,益阳市,430902000000,资阳区,430902104000,沙头镇,430902104227,寓民村
430000000000,湖南省,430900000000,益阳市,430902000000,资阳区,430902104000,沙头镇,430902104228,富兴村
430000000000,湖南省,430900000000,益阳市,430902000000,资阳区,430902104000,沙头镇,430902104233,文兴村
430000000000,湖南省,430900000000,益阳市,430902000000,资阳区,430902105000,茈湖口镇,430902105002,茈湖口社区
430000000000,湖南省,430900000000,益阳市,430902000000,资阳区,430902105000,茈湖口镇,430902105201,桃林村
430000000000,湖南省,430900000000,益阳市,430902000000,资阳区,430902105000,茈湖口镇,430902105203,和利村
430000000000,湖南省,430900000000,益阳市,430902000000,资阳区,430902105000,茈湖口镇,430902105205,邹家窖村
430000000000,湖南省,430900000000,益阳市,430902000000,资阳区,430902105000,茈湖口镇,430902105206,均安垸村
430000000000,湖南省,430900000000,益阳市,430902000000,资阳区,430902105000,茈湖口镇,430902105209,新飞村
430000000000,湖南省,430900000000,益阳市,430902000000,资阳区,430902105000,茈湖口镇,430902105211,祁青村
430000000000,湖南省,430900000000,益阳市,430902000000,资阳区,430902105000,茈湖口镇,430902105212,育江村
430000000000,湖南省,430900000000,益阳市,430902000000,资阳区,430902105000,茈湖口镇,430902105214,洞庭村
430000000000,湖南省,430900000000,益阳市,430902000000,资阳区,430902105000,茈湖口镇,430902105215,马王村
430000000000,湖南省,430900000000,益阳市,430902000000,资阳区,430902105000,茈湖口镇,430902105218,三益村
430000000000,湖南省,430900000000,益阳市,430902000000,资阳区,430902105000,茈湖口镇,430902105221,明朗村
430000000000,湖南省,430900000000,益阳市,430902000000,资阳区,430902105000,茈湖口镇,430902105223,东城村
430000000000,湖南省,430900000000,益阳市,430902000000,资阳区,430902105000,茈湖口镇,430902105228,刘家湖村
430000000000,湖南省,430900000000,益阳市,430902000000,资阳区,430902106000,长春镇,430902106001,联盟社区
430000000000,湖南省,430900000000,益阳市,430902000000,资阳区,430902106000,长春镇,430902106206,官楼坪村
430000000000,湖南省,430900000000,益阳市,430902000000,资阳区,430902106000,长春镇,430902106212,打伞树村
430000000000,湖南省,430900000000,益阳市,430902000000,资阳区,430902106000,长春镇,430902106214,凤形山村
430000000000,湖南省,430900000000,益阳市,430902000000,资阳区,430902106000,长春镇,430902106218,沿河垸村
430000000000,湖南省,430900000000,益阳市,430902000000,资阳区,430902106000,长春镇,430902106219,甘溪港村
430000000000,湖南省,430900000000,益阳市,430902000000,资阳区,430902106000,长春镇,430902106221,双利村
430000000000,湖南省,430900000000,益阳市,430902000000,资阳区,430902106000,长春镇,430902106223,过鹿坪村
430000000000,湖南省,430900000000,益阳市,430902000000,资阳区,430902106000,长春镇,430902106224,和平村
430000000000,湖南省,430900000000,益阳市,430902000000,资阳区,430902106000,长春镇,430902106227,香山村
430000000000,湖南省,430900000000,益阳市,430902000000,资阳区,430902106000,长春镇,430902106229,油狮村
430000000000,湖南省,430900000000,益阳市,430902000000,资阳区,430902106000,长春镇,430902106230,南门桥村
430000000000,湖南省,430900000000,益阳市,430902000000,资阳区,430902106000,长春镇,430902106233,曙光村
430000000000,湖南省,430900000000,益阳市,430902000000,资阳区,430902106000,长春镇,430902106235,黄箭村
430000000000,湖南省,430900000000,益阳市,430902000000,资阳区,430902106000,长春镇,430902106237,先锋桥村
430000000000,湖南省,430900000000,益阳市,430902000000,资阳区,430902106000,长春镇,430902106241,东香村
430000000000,湖南省,430900000000,益阳市,430902000000,资阳区,430902106000,长春镇,430902106246,李家坪村
430000000000,湖南省,430900000000,益阳市,430902000000,资阳区,430902106000,长春镇,430902106247,七鸭子村
430000000000,湖南省,430900000000,益阳市,430902000000,资阳区,430902106000,长春镇,430902106251,幸福村
430000000000,湖南省,430900000000,益阳市,430902000000,资阳区,430902106000,长春镇,430902106273,龙凤港村
430000000000,湖南省,430900000000,益阳市,430902000000,资阳区,430902106000,长春镇,430902106274,皇家湖村
430000000000,湖南省,430900000000,益阳市,430902000000,资阳区,430902106000,长春镇,430902106279,紫薇村
430000000000,湖南省,430900000000,益阳市,430902000000,资阳区,430902106000,长春镇,430902106280,新源村
430000000000,湖南省,430900000000,益阳市,430902000000,资阳区,430902107000,新桥河镇,430902107001,虎形山社区
430000000000,湖南省,430900000000,益阳市,430902000000,资阳区,430902107000,新桥河镇,430902107002,龚家坪社区
430000000000,湖南省,430900000000,益阳市,430902000000,资阳区,430902107000,新桥河镇,430902107201,黄甲山村
430000000000,湖南省,430900000000,益阳市,430902000000,资阳区,430902107000,新桥河镇,430902107203,八一村
430000000000,湖南省,430900000000,益阳市,430902000000,资阳区,430902107000,新桥河镇,430902107206,五房洲村
430000000000,湖南省,430900000000,益阳市,430902000000,资阳区,430902107000,新桥河镇,430902107209,新桥山村
430000000000,湖南省,430900000000,益阳市,430902000000,资阳区,430902107000,新桥河镇,430902107211,新胜村
430000000000,湖南省,430900000000,益阳市,430902000000,资阳区,430902107000,新桥河镇,430902107212,长茅仑村
430000000000,湖南省,430900000000,益阳市,430902000000,资阳区,430902107000,新桥河镇,430902107214,车前巷村
430000000000,湖南省,430900000000,益阳市,430902000000,资阳区,430902107000,新桥河镇,430902107216,新风村
430000000000,湖南省,430900000000,益阳市,430902000000,资阳区,430902107000,新桥河镇,430902107218,河坝村
430000000000,湖南省,430900000000,益阳市,430902000000,资阳区,430902107000,新桥河镇,430902107219,杨林坳村
430000000000,湖南省,430900000000,益阳市,430902000000,资阳区,430902107000,新桥河镇,430902107221,牛眠石村
430000000000,湖南省,430900000000,益阳市,430902000000,资阳区,430902107000,新桥河镇,430902107223,龙光桥村
430000000000,湖南省,430900000000,益阳市,430902000000,资阳区,430902107000,新桥河镇,430902107225,太平桥村
430000000000,湖南省,430900000000,益阳市,430902000000,资阳区,430902107000,新桥河镇,430902107226,蓼东村
430000000000,湖南省,430900000000,益阳市,430902000000,资阳区,430902107000,新桥河镇,430902107227,蓼园村
430000000000,湖南省,430900000000,益阳市,430902000000,资阳区,430902107000,新桥河镇,430902107228,梅花园村
430000000000,湖南省,430900000000,益阳市,430902000000,资阳区,430902107000,新桥河镇,430902107231,水口山村
430000000000,湖南省,430900000000,益阳市,430902000000,资阳区,430902107000,新桥河镇,430902107235,李昌港村
430000000000,湖南省,430900000000,益阳市,430902000000,资阳区,430902107000,新桥河镇,430902107236,黄溪桥村
430000000000,湖南省,430900000000,益阳市,430902000000,资阳区,430902107000,新桥河镇,430902107238,廖河村
430000000000,湖南省,430900000000,益阳市,430902000000,资阳区,430902107000,新桥河镇,430902107240,东新村
430000000000,湖南省,430900000000,益阳市,430902000000,资阳区,430902107000,新桥河镇,430902107241,向锋村
430000000000,湖南省,430900000000,益阳市,430902000000,资阳区,430902107000,新桥河镇,430902107247,金杉村
430000000000,湖南省,430900000000,益阳市,430902000000,资阳区,430902107000,新桥河镇,430902107249,田庄湾村
430000000000,湖南省,430900000000,益阳市,430902000000,资阳区,430902107000,新桥河镇,430902107251,毛家山村
430000000000,湖南省,430900000000,益阳市,430902000000,资阳区,430902107000,新桥河镇,430902107252,爱屋湾村
430000000000,湖南省,430900000000,益阳市,430902000000,资阳区,430902107000,新桥河镇,430902107253,凤凰坝村
430000000000,湖南省,430900000000,益阳市,430902000000,资阳区,430902203000,张家塞乡,430902203001,窑园里社区
430000000000,湖南省,430900000000,益阳市,430902000000,资阳区,430902203000,张家塞乡,430902203201,三星村
430000000000,湖南省,430900000000,益阳市,430902000000,资阳区,430902203000,张家塞乡,430902203202,大潭洲村
430000000000,湖南省,430900000000,益阳市,430902000000,资阳区,430902203000,张家塞乡,430902203204,堤南村
430000000000,湖南省,430900000000,益阳市,430902000000,资阳区,430902203000,张家塞乡,430902203208,乌龙堤村
430000000000,湖南省,430900000000,益阳市,430902000000,资阳区,430902203000,张家塞乡,430902203211,柞树村
430000000000,湖南省,430900000000,益阳市,430902000000,资阳区,430902203000,张家塞乡,430902203213,金垅村
430000000000,湖南省,430900000000,益阳市,430902000000,资阳区,430902203000,张家塞乡,430902203214,合兴村
430000000000,湖南省,430900000000,益阳市,430902000000,资阳区,430902203000,张家塞乡,430902203217,富民村
430000000000,湖南省,430900000000,益阳市,430902000000,资阳区,430902203000,张家塞乡,430902203221,金山村
430000000000,湖南省,430900000000,益阳市,430902000000,资阳区,430902203000,张家塞乡,430902203222,高坪村
430000000000,湖南省,430900000000,益阳市,430902000000,资阳区,430902401000,长春工业园,430902401001,马良社区
430000000000,湖南省,430900000000,益阳市,430902000000,资阳区,430902401000,长春工业园,430902401002,白马山社区
430000000000,湖南省,430900000000,益阳市,430902000000,资阳区,430902401000,长春工业园,430902401003,五里堆社区
430000000000,湖南省,430900000000,益阳市,430902000000,资阳区,430902401000,长春工业园,430902401004,杨树社区
430000000000,湖南省,430900000000,益阳市,430902000000,资阳区,430902401000,长春工业园,430902401005,龙塘社区
430000000000,湖南省,430900000000,益阳市,430902000000,资阳区,430902401000,长春工业园,430902401006,新祝社区
430000000000,湖南省,430900000000,益阳市,430902000000,资阳区,430902401000,长春工业园,430902401007,白鹿铺社区
430000000000,湖南省,430900000000,益阳市,430902000000,资阳区,430902401000,长春工业园,430902401008,接城堤社区
430000000000,湖南省,430900000000,益阳市,430902000000,资阳区,430902401000,长春工业园,430902401009,清水潭社区
430000000000,湖南省,430900000000,益阳市,430902000000,资阳区,430902401000,长春工业园,430902401010,南丰社区
430000000000,湖南省,430900000000,益阳市,430903000000,赫山区,430903001000,赫山街道,430903001001,洪家村社区
430000000000,湖南省,430900000000,益阳市,430903000000,赫山区,430903001000,赫山街道,430903001003,东风岭社区
430000000000,湖南省,430900000000,益阳市,430903000000,赫山区,430903001000,赫山街道,430903001004,腰塘社区
430000000000,湖南省,430900000000,益阳市,430903000000,赫山区,430903001000,赫山街道,430903001005,台家段社区
430000000000,湖南省,430900000000,益阳市,430903000000,赫山区,430903001000,赫山街道,430903001006,梓山社区
430000000000,湖南省,430900000000,益阳市,430903000000,赫山区,430903001000,赫山街道,430903001007,罗溪社区
430000000000,湖南省,430900000000,益阳市,430903000000,赫山区,430903001000,赫山街道,430903001008,赫山社区
430000000000,湖南省,430900000000,益阳市,430903000000,赫山区,430903001000,赫山街道,430903001009,朝阳路社区
430000000000,湖南省,430900000000,益阳市,430903000000,赫山区,430903001000,赫山街道,430903001010,梓园社区
430000000000,湖南省,430900000000,益阳市,430903000000,赫山区,430903001000,赫山街道,430903001011,团洲社区
430000000000,湖南省,430900000000,益阳市,430903000000,赫山区,430903001000,赫山街道,430903001012,毛家塘社区
430000000000,湖南省,430900000000,益阳市,430903000000,赫山区,430903001000,赫山街道,430903001013,茂林社区
430000000000,湖南省,430900000000,益阳市,430903000000,赫山区,430903001000,赫山街道,430903001014,银东社区
430000000000,湖南省,430900000000,益阳市,430903000000,赫山区,430903001000,赫山街道,430903001202,赫山村
430000000000,湖南省,430900000000,益阳市,430903000000,赫山区,430903001000,赫山街道,430903001203,大丰村
430000000000,湖南省,430900000000,益阳市,430903000000,赫山区,430903002000,桃花仑街道,430903002001,环保路社区
430000000000,湖南省,430900000000,益阳市,430903000000,赫山区,430903002000,桃花仑街道,430903002002,桃花仑社区
430000000000,湖南省,430900000000,益阳市,430903000000,赫山区,430903002000,桃花仑街道,430903002003,铁铺岭社区
430000000000,湖南省,430900000000,益阳市,430903000000,赫山区,430903002000,桃花仑街道,430903002004,龙洲路社区
430000000000,湖南省,430900000000,益阳市,430903000000,赫山区,430903002000,桃花仑街道,430903002005,康复路社区
430000000000,湖南省,430900000000,益阳市,430903000000,赫山区,430903002000,桃花仑街道,430903002006,大渡口社区
430000000000,湖南省,430900000000,益阳市,430903000000,赫山区,430903002000,桃花仑街道,430903002007,茶亭街社区
430000000000,湖南省,430900000000,益阳市,430903000000,赫山区,430903002000,桃花仑街道,430903002008,大桃路社区
430000000000,湖南省,430900000000,益阳市,430903000000,赫山区,430903003000,金银山街道,430903003001,粟公港社区
430000000000,湖南省,430900000000,益阳市,430903000000,赫山区,430903003000,金银山街道,430903003002,秀峰社区
430000000000,湖南省,430900000000,益阳市,430903000000,赫山区,430903003000,金银山街道,430903003003,竹山社区
430000000000,湖南省,430900000000,益阳市,430903000000,赫山区,430903003000,金银山街道,430903003004,西流湾社区
430000000000,湖南省,430900000000,益阳市,430903000000,赫山区,430903003000,金银山街道,430903003005,金银山社区
430000000000,湖南省,430900000000,益阳市,430903000000,赫山区,430903003000,金银山街道,430903003006,虎形山社区
430000000000,湖南省,430900000000,益阳市,430903000000,赫山区,430903003000,金银山街道,430903003007,三眼塘社区
430000000000,湖南省,430900000000,益阳市,430903000000,赫山区,430903006000,会龙山街道,430903006001,会龙山社区
430000000000,湖南省,430900000000,益阳市,430903000000,赫山区,430903006000,会龙山街道,430903006002,南站社区
430000000000,湖南省,430900000000,益阳市,430903000000,赫山区,430903006000,会龙山街道,430903006003,志溪河社区
430000000000,湖南省,430900000000,益阳市,430903000000,赫山区,430903006000,会龙山街道,430903006004,龙山港社区
430000000000,湖南省,430900000000,益阳市,430903000000,赫山区,430903006000,会龙山街道,430903006005,红星社区
430000000000,湖南省,430900000000,益阳市,430903000000,赫山区,430903006000,会龙山街道,430903006006,李家洲社区
430000000000,湖南省,430900000000,益阳市,430903000000,赫山区,430903006000,会龙山街道,430903006007,新安社区
430000000000,湖南省,430900000000,益阳市,430903000000,赫山区,430903006000,会龙山街道,430903006202,黄泥湖村
430000000000,湖南省,430900000000,益阳市,430903000000,赫山区,430903006000,会龙山街道,430903006207,永乐村
430000000000,湖南省,430900000000,益阳市,430903000000,赫山区,430903006000,会龙山街道,430903006210,仑塘村
430000000000,湖南省,430900000000,益阳市,430903000000,赫山区,430903006000,会龙山街道,430903006211,仙蜂岭村
430000000000,湖南省,430900000000,益阳市,430903000000,赫山区,430903006000,会龙山街道,430903006213,申家滩村
430000000000,湖南省,430900000000,益阳市,430903000000,赫山区,430903006000,会龙山街道,430903006215,大河坪村
430000000000,湖南省,430900000000,益阳市,430903000000,赫山区,430903007000,鱼形山街道,430903007001,龙潭口社区
430000000000,湖南省,430900000000,益阳市,430903000000,赫山区,430903007000,鱼形山街道,430903007002,宝林冲社区
430000000000,湖南省,430900000000,益阳市,430903000000,赫山区,430903007000,鱼形山街道,430903007003,灵宝山社区
430000000000,湖南省,430900000000,益阳市,430903000000,赫山区,430903007000,鱼形山街道,430903007004,四方山社区
430000000000,湖南省,430900000000,益阳市,430903000000,赫山区,430903007000,鱼形山街道,430903007005,鱼形湖社区
430000000000,湖南省,430900000000,益阳市,430903000000,赫山区,430903007000,鱼形山街道,430903007202,百羊庄村
430000000000,湖南省,430900000000,益阳市,430903000000,赫山区,430903007000,鱼形山街道,430903007220,浮云铺村
430000000000,湖南省,430900000000,益阳市,430903000000,赫山区,430903007000,鱼形山街道,430903007221,大泉村
430000000000,湖南省,430900000000,益阳市,430903000000,赫山区,430903008000,龙光桥街道,430903008001,天石社区
430000000000,湖南省,430900000000,益阳市,430903000000,赫山区,430903008000,龙光桥街道,430903008002,全丰社区
430000000000,湖南省,430900000000,益阳市,430903000000,赫山区,430903008000,龙光桥街道,430903008003,龙光桥社区
430000000000,湖南省,430900000000,益阳市,430903000000,赫山区,430903008000,龙光桥街道,430903008004,南阳社区
430000000000,湖南省,430900000000,益阳市,430903000000,赫山区,430903008000,龙光桥街道,430903008201,天成垸村
430000000000,湖南省,430900000000,益阳市,430903000000,赫山区,430903008000,龙光桥街道,430903008204,进港村
430000000000,湖南省,430900000000,益阳市,430903000000,赫山区,430903008000,龙光桥街道,430903008207,寨子仑村
430000000000,湖南省,430900000000,益阳市,430903000000,赫山区,430903008000,龙光桥街道,430903008208,道子坪村
430000000000,湖南省,430900000000,益阳市,430903000000,赫山区,430903008000,龙光桥街道,430903008209,石笋村
430000000000,湖南省,430900000000,益阳市,430903000000,赫山区,430903008000,龙光桥街道,430903008210,马头冲村
430000000000,湖南省,430900000000,益阳市,430903000000,赫山区,430903008000,龙光桥街道,430903008211,锣鼓冲村
430000000000,湖南省,430900000000,益阳市,430903000000,赫山区,430903008000,龙光桥街道,430903008214,宁家铺村
430000000000,湖南省,430900000000,益阳市,430903000000,赫山区,430903008000,龙光桥街道,430903008215,早禾村
430000000000,湖南省,430900000000,益阳市,430903000000,赫山区,430903008000,龙光桥街道,430903008216,高岭村
430000000000,湖南省,430900000000,益阳市,430903000000,赫山区,430903008000,龙光桥街道,430903008217,黄家桥村
430000000000,湖南省,430900000000,益阳市,430903000000,赫山区,430903008000,龙光桥街道,430903008218,米香村
430000000000,湖南省,430900000000,益阳市,430903000000,赫山区,430903008000,龙光桥街道,430903008219,新月村
430000000000,湖南省,430900000000,益阳市,430903000000,赫山区,430903008000,龙光桥街道,430903008220,五龙坝村
430000000000,湖南省,430900000000,益阳市,430903000000,赫山区,430903101000,八字哨镇,430903101003,九亩土社区
430000000000,湖南省,430900000000,益阳市,430903000000,赫山区,430903101000,八字哨镇,430903101201,竹湖村
430000000000,湖南省,430900000000,益阳市,430903000000,赫山区,430903101000,八字哨镇,430903101204,岭湖村
430000000000,湖南省,430900000000,益阳市,430903000000,赫山区,430903101000,八字哨镇,430903101208,高梁坪村
430000000000,湖南省,430900000000,益阳市,430903000000,赫山区,430903101000,八字哨镇,430903101212,大湖村
430000000000,湖南省,430900000000,益阳市,430903000000,赫山区,430903101000,八字哨镇,430903101216,金家堤村
430000000000,湖南省,430900000000,益阳市,430903000000,赫山区,430903101000,八字哨镇,430903101219,白濒湖村
430000000000,湖南省,430900000000,益阳市,430903000000,赫山区,430903103000,泉交河镇,430903103004,香三社区
430000000000,湖南省,430900000000,益阳市,430903000000,赫山区,430903103000,泉交河镇,430903103202,新安山村
430000000000,湖南省,430900000000,益阳市,430903000000,赫山区,430903103000,泉交河镇,430903103206,宫保第村
430000000000,湖南省,430900000000,益阳市,430903000000,赫山区,430903103000,泉交河镇,430903103209,胡林翼村
430000000000,湖南省,430900000000,益阳市,430903000000,赫山区,430903103000,泉交河镇,430903103228,泞湖桥村
430000000000,湖南省,430900000000,益阳市,430903000000,赫山区,430903103000,泉交河镇,430903103243,菱角岔村
430000000000,湖南省,430900000000,益阳市,430903000000,赫山区,430903103000,泉交河镇,430903103244,新松树桥村
430000000000,湖南省,430900000000,益阳市,430903000000,赫山区,430903103000,泉交河镇,430903103245,奎星村
430000000000,湖南省,430900000000,益阳市,430903000000,赫山区,430903103000,泉交河镇,430903103246,兴泉村
430000000000,湖南省,430900000000,益阳市,430903000000,赫山区,430903103000,泉交河镇,430903103247,恩塘村
430000000000,湖南省,430900000000,益阳市,430903000000,赫山区,430903103000,泉交河镇,430903103248,新林村
430000000000,湖南省,430900000000,益阳市,430903000000,赫山区,430903103000,泉交河镇,430903103249,祥云村
430000000000,湖南省,430900000000,益阳市,430903000000,赫山区,430903103000,泉交河镇,430903103250,来仪湖村
430000000000,湖南省,430900000000,益阳市,430903000000,赫山区,430903104000,欧江岔镇,430903104003,罗湖社区
430000000000,湖南省,430900000000,益阳市,430903000000,赫山区,430903104000,欧江岔镇,430903104201,东团村
430000000000,湖南省,430900000000,益阳市,430903000000,赫山区,430903104000,欧江岔镇,430903104214,柏薮村
430000000000,湖南省,430900000000,益阳市,430903000000,赫山区,430903104000,欧江岔镇,430903104221,长东湖村
430000000000,湖南省,430900000000,益阳市,430903000000,赫山区,430903104000,欧江岔镇,430903104236,白沙寺村
430000000000,湖南省,430900000000,益阳市,430903000000,赫山区,430903104000,欧江岔镇,430903104237,汾湖洲村
430000000000,湖南省,430900000000,益阳市,430903000000,赫山区,430903104000,欧江岔镇,430903104238,八甲岭村
430000000000,湖南省,430900000000,益阳市,430903000000,赫山区,430903104000,欧江岔镇,430903104239,上湖村
430000000000,湖南省,430900000000,益阳市,430903000000,赫山区,430903104000,欧江岔镇,430903104240,欧江岔村
430000000000,湖南省,430900000000,益阳市,430903000000,赫山区,430903104000,欧江岔镇,430903104241,闸坝湖村
430000000000,湖南省,430900000000,益阳市,430903000000,赫山区,430903104000,欧江岔镇,430903104242,侍郎桥村
430000000000,湖南省,430900000000,益阳市,430903000000,赫山区,430903104000,欧江岔镇,430903104243,高平村
430000000000,湖南省,430900000000,益阳市,430903000000,赫山区,430903104000,欧江岔镇,430903104244,注湖港村
430000000000,湖南省,430900000000,益阳市,430903000000,赫山区,430903104000,欧江岔镇,430903104245,飞龙寺村
430000000000,湖南省,430900000000,益阳市,430903000000,赫山区,430903104000,欧江岔镇,430903104246,陈北塘村
430000000000,湖南省,430900000000,益阳市,430903000000,赫山区,430903104000,欧江岔镇,430903104247,金明村
430000000000,湖南省,430900000000,益阳市,430903000000,赫山区,430903104000,欧江岔镇,430903104252,牌口村
430000000000,湖南省,430900000000,益阳市,430903000000,赫山区,430903104000,欧江岔镇,430903104253,虎形山村
430000000000,湖南省,430900000000,益阳市,430903000000,赫山区,430903104000,欧江岔镇,430903104254,流水口村
430000000000,湖南省,430900000000,益阳市,430903000000,赫山区,430903105000,沧水铺镇,430903105005,云峰山社区
430000000000,湖南省,430900000000,益阳市,430903000000,赫山区,430903105000,沧水铺镇,430903105211,沧水铺村
430000000000,湖南省,430900000000,益阳市,430903000000,赫山区,430903105000,沧水铺镇,430903105213,黄团岭村
430000000000,湖南省,430900000000,益阳市,430903000000,赫山区,430903105000,沧水铺镇,430903105216,碧云峰村
430000000000,湖南省,430900000000,益阳市,430903000000,赫山区,430903105000,沧水铺镇,430903105219,砂子岭村
430000000000,湖南省,430900000000,益阳市,430903000000,赫山区,430903105000,沧水铺镇,430903105224,珠波塘村
430000000000,湖南省,430900000000,益阳市,430903000000,赫山区,430903105000,沧水铺镇,430903105228,牛头岭村
430000000000,湖南省,430900000000,益阳市,430903000000,赫山区,430903105000,沧水铺镇,430903105233,白马坝村
430000000000,湖南省,430900000000,益阳市,430903000000,赫山区,430903105000,沧水铺镇,430903105235,香炉山村
430000000000,湖南省,430900000000,益阳市,430903000000,赫山区,430903105000,沧水铺镇,430903105237,金山村
430000000000,湖南省,430900000000,益阳市,430903000000,赫山区,430903107000,岳家桥镇,430903107004,岳家桥社区
